id,Difficulty,Question Pairs,OptionA,OptionB,OptionC,OptionD,OptionE,Correct Answer,Explanation
1,Level 1,"(performance, drama) (fun, game)",PLAY,BOLT,RASH,FAN,FAIR,A,The word 'PLAY' links the two pairs. 1. Play means 'performance' or 'drama'. 2. Play also means 'fun' or 'game'.
2,Level 1,"(circle, loop) (call, sound)",SCALE,RING,FINE,PRESENT,MINT,B,The word 'RING' links the two pairs. 1. Ring means 'circle' or 'loop'. 2. Ring also means 'call' or 'sound'.
3,Level 1,"(estate, garden) (place, position)",TENDER,STEEP,PRESENT,PARK,FINE,D,The word 'PARK' links the two pairs. 1. Park means 'estate' or 'garden'. 2. Park also means 'place' or 'position'.
4,Level 1,"(loop, circle) (call, sound)",OBJECT,RING,SCALE,TRIP,RASH,B,The word 'RING' links the two pairs. 1. Ring means 'loop' or 'circle'. 2. Ring also means 'call' or 'sound'.
5,Level 1,"(preserve, spread) (crowd, squeeze)",PATIENT,LEAD,JAM,QUAIL,REFUSE,C,The word 'JAM' links the two pairs. 1. Jam means 'preserve' or 'spread'. 2. Jam also means 'crowd' or 'squeeze'.
6,Level 1,"(contest, sport) (same, pair)",LONG,PLAY,MATCH,CONTRACT,STERN,C,The word 'MATCH' links the two pairs. 1. Match means 'contest' or 'sport'. 2. Match also means 'same' or 'pair'.
7,Level 1,"(tour, outing) (fall, stumble)",QUAIL,SCALE,FILE,TRIP,MINUTE,D,The word 'TRIP' links the two pairs. 1. Trip means 'tour' or 'outing'. 2. Trip also means 'fall' or 'stumble'.
8,Level 1,"(racket, club) (creature, mammal)",BAT,OBJECT,LONG,FILE,ROCK,A,The word 'BAT' links the two pairs. 1. Bat means 'racket' or 'club'. 2. Bat also means 'creature' or 'mammal'.
9,Level 1,"(estate, garden) (place, stop)",SCALE,JAM,GRAVE,STEEP,PARK,E,The word 'PARK' links the two pairs. 1. Park means 'estate' or 'garden'. 2. Park also means 'place' or 'stop'.
10,Level 1,"(yell, cry) (skin, rind)",CONTRACT,LONG,BARK,YARD,GRAVE,C,The word 'BARK' links the two pairs. 1. Bark means 'yell' or 'cry'. 2. Bark also means 'skin' or 'rind'.
11,Level 1,"(soar, glide) (bug, pest)",FAIR,FLY,JAM,BOLT,RASH,B,The word 'FLY' links the two pairs. 1. Fly means 'soar' or 'glide'. 2. Fly also means 'bug' or 'pest'.
12,Level 1,"(view, observe) (timepiece, timer)",WATCH,FINE,CONTENT,CLUB,PRESENT,A,The word 'WATCH' links the two pairs. 1. Watch means 'view' or 'observe'. 2. Watch also means 'timepiece' or 'timer'.
13,Level 1,"(shout, yell) (rind, skin)",RASH,BARK,ROCK,PRESENT,INVALID,B,The word 'BARK' links the two pairs. 1. Bark means 'shout' or 'yell'. 2. Bark also means 'rind' or 'skin'.
14,Level 1,"(shout, cry) (rind, skin)",TENDER,TRIP,FINE,SEASON,BARK,E,The word 'BARK' links the two pairs. 1. Bark means 'shout' or 'cry'. 2. Bark also means 'rind' or 'skin'.
15,Level 1,"(stone, pebble) (shake, swing)",ROCK,QUAIL,FILE,SINK,MATCH,A,The word 'ROCK' links the two pairs. 1. Rock means 'stone' or 'pebble'. 2. Rock also means 'shake' or 'swing'.
16,Level 1,"(show, drama) (game, sport)",BOLT,FAN,PLAY,RACKET,QUAIL,C,The word 'PLAY' links the two pairs. 1. Play means 'show' or 'drama'. 2. Play also means 'game' or 'sport'.
17,Level 1,"(jelly, preserve) (block, squeeze)",JAM,MINUTE,ROCK,CURRENT,REFUSE,A,The word 'JAM' links the two pairs. 1. Jam means 'jelly' or 'preserve'. 2. Jam also means 'block' or 'squeeze'.
18,Level 1,"(hover, glide) (insect, bug)",MINT,BAT,PLAY,CLUB,FLY,E,The word 'FLY' links the two pairs. 1. Fly means 'hover' or 'glide'. 2. Fly also means 'insect' or 'bug'.
19,Level 1,"(spread, jelly) (squeeze, crowd)",QUAIL,CLUB,SEASON,JAM,PRESENT,D,The word 'JAM' links the two pairs. 1. Jam means 'spread' or 'jelly'. 2. Jam also means 'squeeze' or 'crowd'.
20,Level 1,"(soar, glide) (bug, pest)",FLY,STERN,LONG,FAIR,OBJECT,A,The word 'FLY' links the two pairs. 1. Fly means 'soar' or 'glide'. 2. Fly also means 'bug' or 'pest'.
21,Level 1,"(soar, hover) (pest, bug)",PATIENT,JERK,INVALID,REFUSE,FLY,E,The word 'FLY' links the two pairs. 1. Fly means 'soar' or 'hover'. 2. Fly also means 'pest' or 'bug'.
22,Level 1,"(stone, boulder) (shake, swing)",ROCK,CONTRACT,RING,LEAD,MINUTE,A,The word 'ROCK' links the two pairs. 1. Rock means 'stone' or 'boulder'. 2. Rock also means 'shake' or 'swing'.
23,Level 1,"(gesture, sign) (ripple, sea)",WAVE,SCALE,FILE,OBJECT,FAN,A,The word 'WAVE' links the two pairs. 1. Wave means 'gesture' or 'sign'. 2. Wave also means 'ripple' or 'sea'.
24,Level 1,"(spread, jelly) (crowd, block)",POOL,CONTENT,LONG,JAM,JERK,D,The word 'JAM' links the two pairs. 1. Jam means 'spread' or 'jelly'. 2. Jam also means 'crowd' or 'block'.
25,Level 1,"(yell, shout) (covering, skin)",CONTENT,BOLT,CLUB,BARK,JERK,D,The word 'BARK' links the two pairs. 1. Bark means 'yell' or 'shout'. 2. Bark also means 'covering' or 'skin'.
26,Level 1,"(hover, soar) (pest, insect)",WAVE,PRESENT,YARD,FLY,GRAVE,D,The word 'FLY' links the two pairs. 1. Fly means 'hover' or 'soar'. 2. Fly also means 'pest' or 'insect'.
27,Level 1,"(washbowl, drain) (fall, descend)",SINK,YARD,SEASON,MINT,GRAVE,A,The word 'SINK' links the two pairs. 1. Sink means 'washbowl' or 'drain'. 2. Sink also means 'fall' or 'descend'.
28,Level 1,"(sign, gesture) (sea, ripple)",WAVE,WATCH,CLUB,MATCH,QUAIL,A,The word 'WAVE' links the two pairs. 1. Wave means 'sign' or 'gesture'. 2. Wave also means 'sea' or 'ripple'.
29,Level 1,"(game, contest) (equal, same)",PRESENT,MATCH,RACKET,FILE,GRATE,B,The word 'MATCH' links the two pairs. 1. Match means 'game' or 'contest'. 2. Match also means 'equal' or 'same'.
30,Level 1,"(show, performance) (sport, fun)",RACKET,OBJECT,FLY,PRESENT,PLAY,E,The word 'PLAY' links the two pairs. 1. Play means 'show' or 'performance'. 2. Play also means 'sport' or 'fun'.
31,Level 1,"(washbowl, drain) (descend, drop)",POOL,SEASON,BAT,WATCH,SINK,E,The word 'SINK' links the two pairs. 1. Sink means 'washbowl' or 'drain'. 2. Sink also means 'descend' or 'drop'.
32,Level 1,"(band, circle) (phone, sound)",RING,GRATE,SCALE,WATCH,INVALID,A,The word 'RING' links the two pairs. 1. Ring means 'band' or 'circle'. 2. Ring also means 'phone' or 'sound'.
33,Level 1,"(cooler, blade) (lover, supporter)",FAN,WAVE,POOL,ROCK,REFUSE,A,The word 'FAN' links the two pairs. 1. Fan means 'cooler' or 'blade'. 2. Fan also means 'lover' or 'supporter'.
34,Level 1,"(nice, well) (charge, penalty)",JAM,LEAD,WAVE,FINE,SINK,D,The word 'FINE' links the two pairs. 1. Fine means 'nice' or 'well'. 2. Fine also means 'charge' or 'penalty'.
35,Level 1,"(performance, drama) (fun, game)",GRATE,PLAY,PARK,BOLT,POOL,B,The word 'PLAY' links the two pairs. 1. Play means 'performance' or 'drama'. 2. Play also means 'fun' or 'game'.
36,Level 1,"(shout, cry) (rind, skin)",BARK,CLUB,POOL,GRATE,PLAY,A,The word 'BARK' links the two pairs. 1. Bark means 'shout' or 'cry'. 2. Bark also means 'rind' or 'skin'.
37,Level 1,"(drama, show) (sport, game)",PLAY,JERK,POOL,PATIENT,MINT,A,The word 'PLAY' links the two pairs. 1. Play means 'drama' or 'show'. 2. Play also means 'sport' or 'game'.
38,Level 1,"(blower, blade) (lover, supporter)",RACKET,FAN,SEASON,WATCH,BAT,B,The word 'FAN' links the two pairs. 1. Fan means 'blower' or 'blade'. 2. Fan also means 'lover' or 'supporter'.
39,Level 1,"(contest, game) (equal, same)",LONG,LEAD,WAVE,ROCK,MATCH,E,The word 'MATCH' links the two pairs. 1. Match means 'contest' or 'game'. 2. Match also means 'equal' or 'same'.
40,Level 1,"(cry, yell) (rind, covering)",STERN,TENDER,POUND,BARK,LEAD,D,The word 'BARK' links the two pairs. 1. Bark means 'cry' or 'yell'. 2. Bark also means 'rind' or 'covering'.
41,Level 1,"(glide, soar) (insect, pest)",GRATE,FLY,JAM,JERK,BOLT,B,The word 'FLY' links the two pairs. 1. Fly means 'glide' or 'soar'. 2. Fly also means 'insect' or 'pest'.
42,Level 1,"(shout, yell) (covering, rind)",FAN,BARK,MINUTE,REFUSE,FLY,B,The word 'BARK' links the two pairs. 1. Bark means 'shout' or 'yell'. 2. Bark also means 'covering' or 'rind'.
43,Level 1,"(club, stick) (animal, creature)",PRESENT,STEEP,SINK,BAT,CONTRACT,D,The word 'BAT' links the two pairs. 1. Bat means 'club' or 'stick'. 2. Bat also means 'animal' or 'creature'.
44,Level 1,"(garden, estate) (stop, place)",BOLT,CONTRACT,BAT,PARK,OBJECT,D,The word 'PARK' links the two pairs. 1. Park means 'garden' or 'estate'. 2. Park also means 'stop' or 'place'.
45,Level 1,"(gesture, signal) (swell, sea)",BAT,WAVE,WATCH,BARK,FAIR,B,The word 'WAVE' links the two pairs. 1. Wave means 'gesture' or 'signal'. 2. Wave also means 'swell' or 'sea'.
46,Level 1,"(stone, pebble) (sway, shake)",MINT,CONTRACT,PARK,GRAVE,ROCK,E,The word 'ROCK' links the two pairs. 1. Rock means 'stone' or 'pebble'. 2. Rock also means 'sway' or 'shake'.
47,Level 1,"(signal, gesture) (ripple, swell)",QUAIL,OBJECT,WAVE,CURRENT,BAT,C,The word 'WAVE' links the two pairs. 1. Wave means 'signal' or 'gesture'. 2. Wave also means 'ripple' or 'swell'.
48,Level 1,"(shout, cry) (covering, skin)",CLUB,BARK,FAN,BOLT,INVALID,B,The word 'BARK' links the two pairs. 1. Bark means 'shout' or 'cry'. 2. Bark also means 'covering' or 'skin'.
49,Level 1,"(hover, glide) (pest, insect)",LONG,STERN,STEEP,FLY,RACKET,D,The word 'FLY' links the two pairs. 1. Fly means 'hover' or 'glide'. 2. Fly also means 'pest' or 'insect'.
50,Level 1,"(cooler, blade) (admirer, supporter)",WAVE,MINT,RING,FAN,WATCH,D,The word 'FAN' links the two pairs. 1. Fan means 'cooler' or 'blade'. 2. Fan also means 'admirer' or 'supporter'.
51,Level 1,"(well, good) (charge, fee)",GRATE,POOL,LEAD,FINE,TENDER,D,The word 'FINE' links the two pairs. 1. Fine means 'well' or 'good'. 2. Fine also means 'charge' or 'fee'.
52,Level 1,"(band, circle) (call, phone)",RING,CURRENT,PATIENT,BARK,CLUB,A,The word 'RING' links the two pairs. 1. Ring means 'band' or 'circle'. 2. Ring also means 'call' or 'phone'.
53,Level 1,"(loop, band) (phone, call)",RING,LONG,LEAD,QUAIL,SCALE,A,The word 'RING' links the two pairs. 1. Ring means 'loop' or 'band'. 2. Ring also means 'phone' or 'call'.
54,Level 1,"(gesture, signal) (ripple, swell)",INVALID,WAVE,CONTENT,STERN,REFUSE,B,The word 'WAVE' links the two pairs. 1. Wave means 'gesture' or 'signal'. 2. Wave also means 'ripple' or 'swell'.
55,Level 1,"(loop, circle) (sound, phone)",JERK,RING,PATIENT,BAT,TRIP,B,The word 'RING' links the two pairs. 1. Ring means 'loop' or 'circle'. 2. Ring also means 'sound' or 'phone'.
56,Level 1,"(preserve, jelly) (block, squeeze)",CONTRACT,LEAD,JAM,MATCH,TRIP,C,The word 'JAM' links the two pairs. 1. Jam means 'preserve' or 'jelly'. 2. Jam also means 'block' or 'squeeze'.
57,Level 1,"(signal, gesture) (swell, sea)",CLUB,INVALID,FINE,WATCH,WAVE,E,The word 'WAVE' links the two pairs. 1. Wave means 'signal' or 'gesture'. 2. Wave also means 'swell' or 'sea'.
58,Level 1,"(stick, racket) (animal, mammal)",CONTRACT,FINE,BAT,STEEP,REFUSE,C,The word 'BAT' links the two pairs. 1. Bat means 'stick' or 'racket'. 2. Bat also means 'animal' or 'mammal'.
59,Level 1,"(garden, green) (position, place)",LONG,JERK,FAN,PARK,SINK,D,The word 'PARK' links the two pairs. 1. Park means 'garden' or 'green'. 2. Park also means 'position' or 'place'.
60,Level 1,"(drama, performance) (sport, game)",PRESENT,LONG,SCALE,PLAY,QUAIL,D,The word 'PLAY' links the two pairs. 1. Play means 'drama' or 'performance'. 2. Play also means 'sport' or 'game'.
61,Level 1,"(well, nice) (fee, charge)",GRATE,JERK,FINE,REFUSE,PRESENT,C,The word 'FINE' links the two pairs. 1. Fine means 'well' or 'nice'. 2. Fine also means 'fee' or 'charge'.
62,Level 1,"(club, racket) (creature, mammal)",BOLT,BAT,BARK,PATIENT,YARD,B,The word 'BAT' links the two pairs. 1. Bat means 'club' or 'racket'. 2. Bat also means 'creature' or 'mammal'.
63,Level 1,"(performance, drama) (game, sport)",CONTENT,PLAY,PATIENT,SEASON,FINE,B,The word 'PLAY' links the two pairs. 1. Play means 'performance' or 'drama'. 2. Play also means 'game' or 'sport'.
64,Level 1,"(jelly, preserve) (crowd, block)",STEEP,JAM,BARK,YARD,RASH,B,The word 'JAM' links the two pairs. 1. Jam means 'jelly' or 'preserve'. 2. Jam also means 'crowd' or 'block'.
65,Level 1,"(tour, outing) (stumble, slip)",CURRENT,LONG,LEAD,TRIP,POUND,D,The word 'TRIP' links the two pairs. 1. Trip means 'tour' or 'outing'. 2. Trip also means 'stumble' or 'slip'.
66,Level 1,"(loop, circle) (call, sound)",STEEP,WAVE,LONG,SCALE,RING,E,The word 'RING' links the two pairs. 1. Ring means 'loop' or 'circle'. 2. Ring also means 'call' or 'sound'.
67,Level 1,"(outing, tour) (fall, stumble)",MINUTE,TRIP,FLY,SINK,BOLT,B,The word 'TRIP' links the two pairs. 1. Trip means 'outing' or 'tour'. 2. Trip also means 'fall' or 'stumble'.
68,Level 1,"(contest, sport) (pair, equal)",INVALID,SEASON,SCALE,MATCH,MINT,D,The word 'MATCH' links the two pairs. 1. Match means 'contest' or 'sport'. 2. Match also means 'pair' or 'equal'.
69,Level 1,"(nice, good) (penalty, fee)",STERN,FINE,FAN,MINUTE,TRIP,B,The word 'FINE' links the two pairs. 1. Fine means 'nice' or 'good'. 2. Fine also means 'penalty' or 'fee'.
70,Level 1,"(band, circle) (phone, call)",RASH,SCALE,BAT,GRAVE,RING,E,The word 'RING' links the two pairs. 1. Ring means 'band' or 'circle'. 2. Ring also means 'phone' or 'call'.
71,Level 1,"(basin, drain) (descend, fall)",BOLT,STERN,WATCH,BAT,SINK,E,The word 'SINK' links the two pairs. 1. Sink means 'basin' or 'drain'. 2. Sink also means 'descend' or 'fall'.
72,Level 1,"(tour, journey) (fall, stumble)",BOLT,RASH,PARK,TRIP,FAIR,D,The word 'TRIP' links the two pairs. 1. Trip means 'tour' or 'journey'. 2. Trip also means 'fall' or 'stumble'.
73,Level 1,"(washbowl, basin) (drop, descend)",OBJECT,GRATE,MATCH,PATIENT,SINK,E,The word 'SINK' links the two pairs. 1. Sink means 'washbowl' or 'basin'. 2. Sink also means 'drop' or 'descend'.
74,Level 1,"(shout, cry) (rind, skin)",BARK,CLUB,JAM,LEAD,RASH,A,The word 'BARK' links the two pairs. 1. Bark means 'shout' or 'cry'. 2. Bark also means 'rind' or 'skin'.
75,Level 1,"(outing, tour) (stumble, slip)",CONTENT,SINK,CURRENT,BARK,TRIP,E,The word 'TRIP' links the two pairs. 1. Trip means 'outing' or 'tour'. 2. Trip also means 'stumble' or 'slip'.
76,Level 1,"(basin, drain) (fall, descend)",BARK,SINK,RING,LEAD,GRAVE,B,The word 'SINK' links the two pairs. 1. Sink means 'basin' or 'drain'. 2. Sink also means 'fall' or 'descend'.
77,Level 1,"(racket, stick) (animal, mammal)",FINE,JERK,GRATE,BAT,WAVE,D,The word 'BAT' links the two pairs. 1. Bat means 'racket' or 'stick'. 2. Bat also means 'animal' or 'mammal'.
78,Level 1,"(boulder, stone) (swing, sway)",ROCK,BOLT,OBJECT,MATCH,PARK,A,The word 'ROCK' links the two pairs. 1. Rock means 'boulder' or 'stone'. 2. Rock also means 'swing' or 'sway'.
79,Level 1,"(gesture, sign) (ripple, swell)",WAVE,MINUTE,CLUB,WATCH,JERK,A,The word 'WAVE' links the two pairs. 1. Wave means 'gesture' or 'sign'. 2. Wave also means 'ripple' or 'swell'.
80,Level 1,"(sign, gesture) (ripple, sea)",POUND,TENDER,CONTENT,WAVE,MINUTE,D,The word 'WAVE' links the two pairs. 1. Wave means 'sign' or 'gesture'. 2. Wave also means 'ripple' or 'sea'.
81,Level 1,"(spread, jelly) (block, squeeze)",JAM,BOLT,OBJECT,SINK,RING,A,The word 'JAM' links the two pairs. 1. Jam means 'spread' or 'jelly'. 2. Jam also means 'block' or 'squeeze'.
82,Level 1,"(shout, yell) (rind, covering)",GRATE,BAT,BOLT,QUAIL,BARK,E,The word 'BARK' links the two pairs. 1. Bark means 'shout' or 'yell'. 2. Bark also means 'rind' or 'covering'.
83,Level 1,"(gesture, sign) (ripple, swell)",WAVE,SCALE,YARD,CONTENT,BOLT,A,The word 'WAVE' links the two pairs. 1. Wave means 'gesture' or 'sign'. 2. Wave also means 'ripple' or 'swell'.
84,Level 1,"(washbowl, basin) (fall, drop)",RACKET,CONTRACT,TENDER,SINK,JERK,D,The word 'SINK' links the two pairs. 1. Sink means 'washbowl' or 'basin'. 2. Sink also means 'fall' or 'drop'.
85,Level 1,"(garden, green) (stop, place)",PARK,BOLT,MATCH,FAN,PRESENT,A,The word 'PARK' links the two pairs. 1. Park means 'garden' or 'green'. 2. Park also means 'stop' or 'place'.
86,Level 1,"(preserve, spread) (squeeze, crowd)",RASH,JAM,LEAD,FAN,RING,B,The word 'JAM' links the two pairs. 1. Jam means 'preserve' or 'spread'. 2. Jam also means 'squeeze' or 'crowd'.
87,Level 1,"(blower, blade) (lover, supporter)",SINK,FAN,WAVE,FINE,RING,B,The word 'FAN' links the two pairs. 1. Fan means 'blower' or 'blade'. 2. Fan also means 'lover' or 'supporter'.
88,Level 1,"(estate, green) (place, position)",SEASON,PRESENT,PLAY,PARK,POOL,D,The word 'PARK' links the two pairs. 1. Park means 'estate' or 'green'. 2. Park also means 'place' or 'position'.
89,Level 1,"(contest, sport) (pair, equal)",MINUTE,CONTRACT,LEAD,PATIENT,MATCH,E,The word 'MATCH' links the two pairs. 1. Match means 'contest' or 'sport'. 2. Match also means 'pair' or 'equal'.
90,Level 1,"(sport, contest) (same, pair)",PRESENT,MATCH,PATIENT,WATCH,OBJECT,B,The word 'MATCH' links the two pairs. 1. Match means 'sport' or 'contest'. 2. Match also means 'same' or 'pair'.
91,Level 1,"(sport, contest) (pair, equal)",FAN,MATCH,PRESENT,YARD,ROCK,B,The word 'MATCH' links the two pairs. 1. Match means 'sport' or 'contest'. 2. Match also means 'pair' or 'equal'.
92,Level 1,"(estate, green) (stop, place)",RASH,CLUB,TENDER,FLY,PARK,E,The word 'PARK' links the two pairs. 1. Park means 'estate' or 'green'. 2. Park also means 'stop' or 'place'.
93,Level 1,"(signal, gesture) (ripple, swell)",STEEP,RASH,WAVE,PRESENT,QUAIL,C,The word 'WAVE' links the two pairs. 1. Wave means 'signal' or 'gesture'. 2. Wave also means 'ripple' or 'swell'.
94,Level 1,"(sport, game) (pair, same)",FINE,JAM,MATCH,POOL,QUAIL,C,The word 'MATCH' links the two pairs. 1. Match means 'sport' or 'game'. 2. Match also means 'pair' or 'same'.
95,Level 1,"(stick, racket) (mammal, creature)",MATCH,INVALID,GRATE,PATIENT,BAT,E,The word 'BAT' links the two pairs. 1. Bat means 'stick' or 'racket'. 2. Bat also means 'mammal' or 'creature'.
96,Level 1,"(garden, estate) (place, position)",PARK,JAM,RING,FAN,TENDER,A,The word 'PARK' links the two pairs. 1. Park means 'garden' or 'estate'. 2. Park also means 'place' or 'position'.
97,Level 1,"(observe, view) (timer, timepiece)",LEAD,JERK,WAVE,WATCH,FAN,D,The word 'WATCH' links the two pairs. 1. Watch means 'observe' or 'view'. 2. Watch also means 'timer' or 'timepiece'.
98,Level 1,"(hover, glide) (insect, bug)",BAT,MATCH,FLY,INVALID,CONTRACT,C,The word 'FLY' links the two pairs. 1. Fly means 'hover' or 'glide'. 2. Fly also means 'insect' or 'bug'.
99,Level 1,"(sign, signal) (swell, sea)",WAVE,JAM,GRAVE,GRATE,STERN,A,The word 'WAVE' links the two pairs. 1. Wave means 'sign' or 'signal'. 2. Wave also means 'swell' or 'sea'.
100,Level 1,"(stick, racket) (creature, mammal)",STERN,FAIR,BAT,QUAIL,RING,C,The word 'BAT' links the two pairs. 1. Bat means 'stick' or 'racket'. 2. Bat also means 'creature' or 'mammal'.
101,Level 2,"(ascend, climb) (skin, plate)",YARD,RACKET,CLUB,RASH,SCALE,E,The word 'SCALE' links the two pairs. 1. Scale means 'ascend' or 'climb'. 2. Scale also means 'skin' or 'plate'.
102,Level 2,"(harsh, severe) (rear, aft)",STERN,INVALID,POUND,MINUTE,RASH,A,The word 'STERN' links the two pairs. 1. Stern means 'harsh' or 'severe'. 2. Stern also means 'rear' or 'aft'.
103,Level 2,"(tall, extended) (wish, desire)",RING,FLY,ROCK,CLUB,LONG,E,The word 'LONG' links the two pairs. 1. Long means 'tall' or 'extended'. 2. Long also means 'wish' or 'desire'.
104,Level 2,"(yank, tug) (dolt, fool)",FAIR,CURRENT,JERK,GRAVE,BOLT,C,The word 'JERK' links the two pairs. 1. Jerk means 'yank' or 'tug'. 2. Jerk also means 'dolt' or 'fool'.
105,Level 2,"(present, now) (flow, tide)",CURRENT,SINK,FINE,CONTRACT,GRATE,A,The word 'CURRENT' links the two pairs. 1. Current means 'present' or 'now'. 2. Current also means 'flow' or 'tide'.
106,Level 2,"(equal, just) (fete, festival)",GRAVE,STEEP,CONTRACT,SINK,FAIR,E,The word 'FAIR' links the two pairs. 1. Fair means 'equal' or 'just'. 2. Fair also means 'fete' or 'festival'.
107,Level 2,"(pond, puddle) (merge, combine)",PATIENT,FAIR,PRESENT,JAM,POOL,E,The word 'POOL' links the two pairs. 1. Pool means 'pond' or 'puddle'. 2. Pool also means 'merge' or 'combine'.
108,Level 2,"(yank, pull) (idiot, dolt)",GRAVE,MATCH,JERK,PRESENT,POUND,C,The word 'JERK' links the two pairs. 1. Jerk means 'yank' or 'pull'. 2. Jerk also means 'idiot' or 'dolt'.
109,Level 2,"(record, dossier) (smooth, rub)",FILE,JERK,CURRENT,RING,RACKET,A,The word 'FILE' links the two pairs. 1. File means 'record' or 'dossier'. 2. File also means 'smooth' or 'rub'.
110,Level 2,"(present, now) (flow, tide)",MATCH,CURRENT,WATCH,TENDER,LONG,B,The word 'CURRENT' links the two pairs. 1. Current means 'present' or 'now'. 2. Current also means 'flow' or 'tide'.
111,Level 2,"(climb, mount) (plate, skin)",SINK,POUND,SCALE,SEASON,BAT,C,The word 'SCALE' links the two pairs. 1. Scale means 'climb' or 'mount'. 2. Scale also means 'plate' or 'skin'.
112,Level 2,"(group, association) (baton, stick)",FILE,WATCH,MATCH,MINT,CLUB,E,The word 'CLUB' links the two pairs. 1. Club means 'group' or 'association'. 2. Club also means 'baton' or 'stick'.
113,Level 2,"(tug, yank) (dolt, fool)",REFUSE,JERK,TENDER,CONTENT,POOL,B,The word 'JERK' links the two pairs. 1. Jerk means 'tug' or 'yank'. 2. Jerk also means 'dolt' or 'fool'.
114,Level 2,"(present, now) (tide, flow)",WATCH,FLY,FINE,CURRENT,MINT,D,The word 'CURRENT' links the two pairs. 1. Current means 'present' or 'now'. 2. Current also means 'tide' or 'flow'.
115,Level 2,"(record, dossier) (rub, scrape)",POUND,MINUTE,FILE,MINT,CLUB,C,The word 'FILE' links the two pairs. 1. File means 'record' or 'dossier'. 2. File also means 'rub' or 'scrape'.
116,Level 2,"(present, now) (stream, tide)",POOL,CURRENT,FINE,YARD,BAT,B,The word 'CURRENT' links the two pairs. 1. Current means 'present' or 'now'. 2. Current also means 'stream' or 'tide'.
117,Level 2,"(climb, mount) (flake, plate)",TRIP,BARK,SCALE,CLUB,STEEP,C,The word 'SCALE' links the two pairs. 1. Scale means 'climb' or 'mount'. 2. Scale also means 'flake' or 'plate'.
118,Level 2,"(fasten, lock) (dash, run)",JERK,MATCH,FLY,BOLT,RASH,D,The word 'BOLT' links the two pairs. 1. Bolt means 'fasten' or 'lock'. 2. Bolt also means 'dash' or 'run'.
119,Level 2,"(scrape, shred) (hearth, fireplace)",BAT,YARD,TRIP,GRATE,SCALE,D,The word 'GRATE' links the two pairs. 1. Grate means 'scrape' or 'shred'. 2. Grate also means 'hearth' or 'fireplace'.
120,Level 2,"(now, existing) (flow, stream)",CURRENT,CONTENT,RASH,BOLT,FINE,A,The word 'CURRENT' links the two pairs. 1. Current means 'now' or 'existing'. 2. Current also means 'flow' or 'stream'.
121,Level 2,"(ascend, mount) (plate, skin)",JERK,SCALE,FAN,TRIP,FLY,B,The word 'SCALE' links the two pairs. 1. Scale means 'ascend' or 'mount'. 2. Scale also means 'plate' or 'skin'.
122,Level 2,"(lengthy, tall) (wish, desire)",JAM,PATIENT,LONG,FLY,QUAIL,C,The word 'LONG' links the two pairs. 1. Long means 'lengthy' or 'tall'. 2. Long also means 'wish' or 'desire'.
123,Level 2,"(currency, cash) (beat, thump)",JERK,POUND,SINK,CLUB,MINUTE,B,The word 'POUND' links the two pairs. 1. Pound means 'currency' or 'cash'. 2. Pound also means 'beat' or 'thump'.
124,Level 2,"(grind, scrape) (hearth, fireplace)",STEEP,GRATE,PRESENT,LEAD,FINE,B,The word 'GRATE' links the two pairs. 1. Grate means 'grind' or 'scrape'. 2. Grate also means 'hearth' or 'fireplace'.
125,Level 2,"(just, impartial) (carnival, festival)",FAIR,POOL,MATCH,TRIP,QUAIL,A,The word 'FAIR' links the two pairs. 1. Fair means 'just' or 'impartial'. 2. Fair also means 'carnival' or 'festival'.
126,Level 2,"(group, society) (baton, stick)",CLUB,RASH,SCALE,BAT,PLAY,A,The word 'CLUB' links the two pairs. 1. Club means 'group' or 'society'. 2. Club also means 'baton' or 'stick'.
127,Level 2,"(equal, impartial) (fete, carnival)",JERK,WATCH,FAIR,GRATE,PLAY,C,The word 'FAIR' links the two pairs. 1. Fair means 'equal' or 'impartial'. 2. Fair also means 'fete' or 'carnival'.
128,Level 2,"(now, present) (stream, tide)",CURRENT,CLUB,TENDER,JAM,PARK,A,The word 'CURRENT' links the two pairs. 1. Current means 'now' or 'present'. 2. Current also means 'stream' or 'tide'.
129,Level 2,"(puddle, pond) (combine, merge)",LEAD,BAT,POOL,RACKET,PRESENT,C,The word 'POOL' links the two pairs. 1. Pool means 'puddle' or 'pond'. 2. Pool also means 'combine' or 'merge'.
130,Level 2,"(dossier, record) (scrape, rub)",MATCH,WAVE,SEASON,FILE,FLY,D,The word 'FILE' links the two pairs. 1. File means 'dossier' or 'record'. 2. File also means 'scrape' or 'rub'.
131,Level 2,"(pull, yank) (dolt, fool)",RASH,LONG,STERN,RACKET,JERK,E,The word 'JERK' links the two pairs. 1. Jerk means 'pull' or 'yank'. 2. Jerk also means 'dolt' or 'fool'.
132,Level 2,"(scrape, shred) (hearth, fireplace)",GRATE,MINUTE,SEASON,MATCH,BARK,A,The word 'GRATE' links the two pairs. 1. Grate means 'scrape' or 'shred'. 2. Grate also means 'hearth' or 'fireplace'.
133,Level 2,"(leaf, herb) (fresh, new)",CONTENT,PARK,MINT,STEEP,RASH,C,The word 'MINT' links the two pairs. 1. Mint means 'leaf' or 'herb'. 2. Mint also means 'fresh' or 'new'.
134,Level 2,"(yank, tug) (fool, idiot)",FAN,TENDER,FAIR,JERK,MINUTE,D,The word 'JERK' links the two pairs. 1. Jerk means 'yank' or 'tug'. 2. Jerk also means 'fool' or 'idiot'.
135,Level 2,"(present, existing) (stream, tide)",PLAY,JERK,FAN,CURRENT,MATCH,D,The word 'CURRENT' links the two pairs. 1. Current means 'present' or 'existing'. 2. Current also means 'stream' or 'tide'.
136,Level 2,"(dossier, folder) (rub, scrape)",REFUSE,GRATE,CONTRACT,SEASON,FILE,E,The word 'FILE' links the two pairs. 1. File means 'dossier' or 'folder'. 2. File also means 'rub' or 'scrape'.
137,Level 2,"(lock, fasten) (dash, run)",SCALE,WATCH,BOLT,PRESENT,FAIR,C,The word 'BOLT' links the two pairs. 1. Bolt means 'lock' or 'fasten'. 2. Bolt also means 'dash' or 'run'.
138,Level 2,"(present, now) (flow, tide)",BAT,POUND,JAM,CURRENT,STEEP,D,The word 'CURRENT' links the two pairs. 1. Current means 'present' or 'now'. 2. Current also means 'flow' or 'tide'.
139,Level 2,"(equal, just) (festival, fete)",FAIR,JAM,BAT,PARK,OBJECT,A,The word 'FAIR' links the two pairs. 1. Fair means 'equal' or 'just'. 2. Fair also means 'festival' or 'fete'.
140,Level 2,"(scrape, shred) (basket, fireplace)",QUAIL,PARK,GRAVE,GRATE,OBJECT,D,The word 'GRATE' links the two pairs. 1. Grate means 'scrape' or 'shred'. 2. Grate also means 'basket' or 'fireplace'.
141,Level 2,"(record, folder) (rub, smooth)",SINK,PARK,JERK,TRIP,FILE,E,The word 'FILE' links the two pairs. 1. File means 'record' or 'folder'. 2. File also means 'rub' or 'smooth'.
142,Level 2,"(pond, puddle) (share, merge)",CONTENT,ROCK,POOL,BARK,QUAIL,C,The word 'POOL' links the two pairs. 1. Pool means 'pond' or 'puddle'. 2. Pool also means 'share' or 'merge'.
143,Level 2,"(puddle, lake) (share, combine)",PLAY,WAVE,STEEP,TENDER,POOL,E,The word 'POOL' links the two pairs. 1. Pool means 'puddle' or 'lake'. 2. Pool also means 'share' or 'combine'.
144,Level 2,"(present, existing) (stream, flow)",RING,CURRENT,RASH,LEAD,CONTENT,B,The word 'CURRENT' links the two pairs. 1. Current means 'present' or 'existing'. 2. Current also means 'stream' or 'flow'.
145,Level 2,"(impartial, equal) (festival, carnival)",FLY,TENDER,FAIR,QUAIL,POUND,C,The word 'FAIR' links the two pairs. 1. Fair means 'impartial' or 'equal'. 2. Fair also means 'festival' or 'carnival'.
146,Level 2,"(puddle, lake) (share, merge)",POOL,PATIENT,MINT,FLY,RACKET,A,The word 'POOL' links the two pairs. 1. Pool means 'puddle' or 'lake'. 2. Pool also means 'share' or 'merge'.
147,Level 2,"(invalid, sufferer) (tolerant, enduring)",RASH,PATIENT,ROCK,FILE,CONTENT,B,The word 'PATIENT' links the two pairs. 1. Patient means 'invalid' or 'sufferer'. 2. Patient also means 'tolerant' or 'enduring'.
148,Level 2,"(severe, harsh) (rear, aft)",FINE,YARD,SINK,PRESENT,STERN,E,The word 'STERN' links the two pairs. 1. Stern means 'severe' or 'harsh'. 2. Stern also means 'rear' or 'aft'.
149,Level 2,"(tug, yank) (dolt, idiot)",JERK,JAM,FAN,SEASON,CONTENT,A,The word 'JERK' links the two pairs. 1. Jerk means 'tug' or 'yank'. 2. Jerk also means 'dolt' or 'idiot'.
150,Level 2,"(spots, eruption) (hasty, careless)",TRIP,BOLT,RASH,MINUTE,CONTENT,C,The word 'RASH' links the two pairs. 1. Rash means 'spots' or 'eruption'. 2. Rash also means 'hasty' or 'careless'.
151,Level 2,"(society, group) (weapon, stick)",CURRENT,SINK,CLUB,FILE,REFUSE,C,The word 'CLUB' links the two pairs. 1. Club means 'society' or 'group'. 2. Club also means 'weapon' or 'stick'.
152,Level 2,"(pond, lake) (share, combine)",MINT,CURRENT,PLAY,POOL,YARD,D,The word 'POOL' links the two pairs. 1. Pool means 'pond' or 'lake'. 2. Pool also means 'share' or 'combine'.
153,Level 2,"(harsh, severe) (back, rear)",STERN,POUND,POOL,SINK,PLAY,A,The word 'STERN' links the two pairs. 1. Stern means 'harsh' or 'severe'. 2. Stern also means 'back' or 'rear'.
154,Level 2,"(yank, tug) (dolt, fool)",LONG,SINK,BAT,JERK,GRATE,D,The word 'JERK' links the two pairs. 1. Jerk means 'yank' or 'tug'. 2. Jerk also means 'dolt' or 'fool'.
155,Level 2,"(existing, present) (tide, stream)",FAIR,FILE,CURRENT,GRATE,SINK,C,The word 'CURRENT' links the two pairs. 1. Current means 'existing' or 'present'. 2. Current also means 'tide' or 'stream'.
156,Level 2,"(just, impartial) (carnival, fete)",PLAY,GRAVE,FLY,FAIR,MATCH,D,The word 'FAIR' links the two pairs. 1. Fair means 'just' or 'impartial'. 2. Fair also means 'carnival' or 'fete'.
157,Level 2,"(group, association) (weapon, baton)",CLUB,INVALID,CONTRACT,PARK,SEASON,A,The word 'CLUB' links the two pairs. 1. Club means 'group' or 'association'. 2. Club also means 'weapon' or 'baton'.
158,Level 2,"(leaf, herb) (new, fresh)",MINT,PLAY,OBJECT,BARK,QUAIL,A,The word 'MINT' links the two pairs. 1. Mint means 'leaf' or 'herb'. 2. Mint also means 'new' or 'fresh'.
159,Level 2,"(association, society) (weapon, stick)",FILE,BAT,FLY,CLUB,FAIR,D,The word 'CLUB' links the two pairs. 1. Club means 'association' or 'society'. 2. Club also means 'weapon' or 'stick'.
160,Level 2,"(secure, lock) (dash, run)",LEAD,FILE,INVALID,BOLT,LONG,D,The word 'BOLT' links the two pairs. 1. Bolt means 'secure' or 'lock'. 2. Bolt also means 'dash' or 'run'.
161,Level 2,"(cash, currency) (thump, beat)",OBJECT,RING,JERK,LONG,POUND,E,The word 'POUND' links the two pairs. 1. Pound means 'cash' or 'currency'. 2. Pound also means 'thump' or 'beat'.
162,Level 2,"(pull, tug) (idiot, dolt)",PRESENT,FAN,BARK,POOL,JERK,E,The word 'JERK' links the two pairs. 1. Jerk means 'pull' or 'tug'. 2. Jerk also means 'idiot' or 'dolt'.
163,Level 2,"(lock, fasten) (run, flee)",POUND,PATIENT,BOLT,JERK,RASH,C,The word 'BOLT' links the two pairs. 1. Bolt means 'lock' or 'fasten'. 2. Bolt also means 'run' or 'flee'.
164,Level 2,"(equal, impartial) (festival, carnival)",FAIR,CONTENT,FINE,STERN,RING,A,The word 'FAIR' links the two pairs. 1. Fair means 'equal' or 'impartial'. 2. Fair also means 'festival' or 'carnival'.
165,Level 2,"(tall, extended) (wish, desire)",LONG,TENDER,BOLT,LEAD,BARK,A,The word 'LONG' links the two pairs. 1. Long means 'tall' or 'extended'. 2. Long also means 'wish' or 'desire'.
166,Level 2,"(tall, lengthy) (wish, yearn)",LONG,OBJECT,FAIR,SCALE,TRIP,A,The word 'LONG' links the two pairs. 1. Long means 'tall' or 'lengthy'. 2. Long also means 'wish' or 'yearn'.
167,Level 2,"(equal, impartial) (festival, carnival)",REFUSE,SCALE,FLY,FAIR,RASH,D,The word 'FAIR' links the two pairs. 1. Fair means 'equal' or 'impartial'. 2. Fair also means 'festival' or 'carnival'.
168,Level 2,"(fasten, secure) (run, dash)",JERK,BOLT,PRESENT,FINE,BARK,B,The word 'BOLT' links the two pairs. 1. Bolt means 'fasten' or 'secure'. 2. Bolt also means 'run' or 'dash'.
169,Level 2,"(pond, puddle) (merge, combine)",REFUSE,PARK,MINUTE,POOL,RING,D,The word 'POOL' links the two pairs. 1. Pool means 'pond' or 'puddle'. 2. Pool also means 'merge' or 'combine'.
170,Level 2,"(ascend, mount) (plate, flake)",GRATE,JERK,RASH,SCALE,CONTENT,D,The word 'SCALE' links the two pairs. 1. Scale means 'ascend' or 'mount'. 2. Scale also means 'plate' or 'flake'.
171,Level 2,"(group, society) (weapon, stick)",CONTENT,PARK,CLUB,GRAVE,LEAD,C,The word 'CLUB' links the two pairs. 1. Club means 'group' or 'society'. 2. Club also means 'weapon' or 'stick'.
172,Level 2,"(lengthy, extended) (desire, wish)",YARD,RASH,JERK,GRATE,LONG,E,The word 'LONG' links the two pairs. 1. Long means 'lengthy' or 'extended'. 2. Long also means 'desire' or 'wish'.
173,Level 2,"(dossier, record) (scrape, smooth)",POUND,BAT,WATCH,FILE,BARK,D,The word 'FILE' links the two pairs. 1. File means 'dossier' or 'record'. 2. File also means 'scrape' or 'smooth'.
174,Level 2,"(lengthy, tall) (desire, yearn)",JAM,OBJECT,SCALE,INVALID,LONG,E,The word 'LONG' links the two pairs. 1. Long means 'lengthy' or 'tall'. 2. Long also means 'desire' or 'yearn'.
175,Level 2,"(sick, sufferer) (calm, tolerant)",PATIENT,SEASON,TRIP,MINUTE,STEEP,A,The word 'PATIENT' links the two pairs. 1. Patient means 'sick' or 'sufferer'. 2. Patient also means 'calm' or 'tolerant'.
176,Level 2,"(leaf, herb) (fresh, perfect)",MINT,PARK,SINK,JERK,CONTRACT,A,The word 'MINT' links the two pairs. 1. Mint means 'leaf' or 'herb'. 2. Mint also means 'fresh' or 'perfect'.
177,Level 2,"(lock, secure) (run, dash)",BOLT,TENDER,PLAY,FINE,SINK,A,The word 'BOLT' links the two pairs. 1. Bolt means 'lock' or 'secure'. 2. Bolt also means 'run' or 'dash'.
178,Level 2,"(grind, scrape) (basket, hearth)",WAVE,GRAVE,GRATE,RASH,RACKET,C,The word 'GRATE' links the two pairs. 1. Grate means 'grind' or 'scrape'. 2. Grate also means 'basket' or 'hearth'.
179,Level 2,"(lake, pond) (merge, share)",YARD,STERN,POOL,PRESENT,RASH,C,The word 'POOL' links the two pairs. 1. Pool means 'lake' or 'pond'. 2. Pool also means 'merge' or 'share'.
180,Level 2,"(association, group) (stick, baton)",WATCH,CLUB,GRAVE,ROCK,PATIENT,B,The word 'CLUB' links the two pairs. 1. Club means 'association' or 'group'. 2. Club also means 'stick' or 'baton'.
181,Level 2,"(sufferer, sick) (tolerant, calm)",RACKET,QUAIL,FAIR,CONTRACT,PATIENT,E,The word 'PATIENT' links the two pairs. 1. Patient means 'sufferer' or 'sick'. 2. Patient also means 'tolerant' or 'calm'.
182,Level 2,"(equal, just) (carnival, fete)",RASH,FAIR,BARK,RING,PRESENT,B,The word 'FAIR' links the two pairs. 1. Fair means 'equal' or 'just'. 2. Fair also means 'carnival' or 'fete'.
183,Level 2,"(folder, dossier) (rub, scrape)",INVALID,CONTENT,WATCH,FILE,MINT,D,The word 'FILE' links the two pairs. 1. File means 'folder' or 'dossier'. 2. File also means 'rub' or 'scrape'.
184,Level 2,"(harsh, strict) (back, aft)",STERN,LONG,LEAD,RACKET,GRAVE,A,The word 'STERN' links the two pairs. 1. Stern means 'harsh' or 'strict'. 2. Stern also means 'back' or 'aft'.
185,Level 2,"(hives, eruption) (reckless, careless)",REFUSE,RASH,JERK,MINUTE,WATCH,B,The word 'RASH' links the two pairs. 1. Rash means 'hives' or 'eruption'. 2. Rash also means 'reckless' or 'careless'.
186,Level 2,"(invalid, sick) (enduring, tolerant)",PATIENT,STERN,MATCH,POUND,LONG,A,The word 'PATIENT' links the two pairs. 1. Patient means 'invalid' or 'sick'. 2. Patient also means 'enduring' or 'tolerant'.
187,Level 2,"(sick, sufferer) (calm, enduring)",YARD,PATIENT,WATCH,PARK,MINT,B,The word 'PATIENT' links the two pairs. 1. Patient means 'sick' or 'sufferer'. 2. Patient also means 'calm' or 'enduring'.
188,Level 2,"(leaf, herb) (new, fresh)",MINT,BAT,ROCK,JAM,RING,A,The word 'MINT' links the two pairs. 1. Mint means 'leaf' or 'herb'. 2. Mint also means 'new' or 'fresh'.
189,Level 2,"(secure, lock) (flee, dash)",FAIR,PLAY,BOLT,PARK,GRAVE,C,The word 'BOLT' links the two pairs. 1. Bolt means 'secure' or 'lock'. 2. Bolt also means 'flee' or 'dash'.
190,Level 2,"(cash, money) (hammer, thump)",PARK,PATIENT,POUND,REFUSE,FLY,C,The word 'POUND' links the two pairs. 1. Pound means 'cash' or 'money'. 2. Pound also means 'hammer' or 'thump'.
191,Level 2,"(pull, tug) (dolt, fool)",RING,INVALID,JERK,FAIR,MATCH,C,The word 'JERK' links the two pairs. 1. Jerk means 'pull' or 'tug'. 2. Jerk also means 'dolt' or 'fool'.
192,Level 2,"(record, folder) (scrape, smooth)",STERN,BOLT,REFUSE,JERK,FILE,E,The word 'FILE' links the two pairs. 1. File means 'record' or 'folder'. 2. File also means 'scrape' or 'smooth'.
193,Level 2,"(lengthy, tall) (yearn, wish)",YARD,POOL,SINK,WAVE,LONG,E,The word 'LONG' links the two pairs. 1. Long means 'lengthy' or 'tall'. 2. Long also means 'yearn' or 'wish'.
194,Level 2,"(pull, tug) (dolt, fool)",GRAVE,GRATE,JERK,PLAY,INVALID,C,The word 'JERK' links the two pairs. 1. Jerk means 'pull' or 'tug'. 2. Jerk also means 'dolt' or 'fool'.
195,Level 2,"(extended, tall) (wish, desire)",POOL,BOLT,SCALE,LONG,RING,D,The word 'LONG' links the two pairs. 1. Long means 'extended' or 'tall'. 2. Long also means 'wish' or 'desire'.
196,Level 2,"(spots, eruption) (hasty, careless)",BAT,ROCK,CONTENT,RASH,TENDER,D,The word 'RASH' links the two pairs. 1. Rash means 'spots' or 'eruption'. 2. Rash also means 'hasty' or 'careless'.
197,Level 2,"(now, present) (stream, flow)",FAN,LEAD,CONTENT,POUND,CURRENT,E,The word 'CURRENT' links the two pairs. 1. Current means 'now' or 'present'. 2. Current also means 'stream' or 'flow'.
198,Level 2,"(folder, dossier) (rub, scrape)",ROCK,FILE,PLAY,STEEP,MINUTE,B,The word 'FILE' links the two pairs. 1. File means 'folder' or 'dossier'. 2. File also means 'rub' or 'scrape'.
199,Level 2,"(ascend, climb) (plate, flake)",RING,SCALE,SINK,STEEP,SEASON,B,The word 'SCALE' links the two pairs. 1. Scale means 'ascend' or 'climb'. 2. Scale also means 'plate' or 'flake'.
200,Level 2,"(lock, fasten) (flee, dash)",GRATE,CONTRACT,BARK,RING,BOLT,E,The word 'BOLT' links the two pairs. 1. Bolt means 'lock' or 'fasten'. 2. Bolt also means 'flee' or 'dash'.
201,Level 3,"(term, period) (herb, spice)",JERK,FLY,ROCK,BARK,SEASON,E,The word 'SEASON' links the two pairs. 1. Season means 'term' or 'period'. 2. Season also means 'herb' or 'spice'.
202,Level 3,"(fowl, game) (cower, shrink)",MINT,GRATE,FAIR,QUAIL,SINK,D,The word 'QUAIL' links the two pairs. 1. Quail means 'fowl' or 'game'. 2. Quail also means 'cower' or 'shrink'.
203,Level 3,"(item, article) (argue, oppose)",CLUB,OBJECT,STERN,CONTRACT,PLAY,B,The word 'OBJECT' links the two pairs. 1. Object means 'item' or 'article'. 2. Object also means 'argue' or 'oppose'.
204,Level 3,"(donation, gift) (exist, here)",POUND,MINUTE,PRESENT,SEASON,CONTRACT,C,The word 'PRESENT' links the two pairs. 1. Present means 'donation' or 'gift'. 2. Present also means 'exist' or 'here'.
205,Level 3,"(fowl, game) (shrink, recoil)",SCALE,MINUTE,QUAIL,FILE,RACKET,C,The word 'QUAIL' links the two pairs. 1. Quail means 'fowl' or 'game'. 2. Quail also means 'shrink' or 'recoil'.
206,Level 3,"(tomb, crypt) (serious, somber)",MATCH,FINE,GRAVE,ROCK,RACKET,C,The word 'GRAVE' links the two pairs. 1. Grave means 'tomb' or 'crypt'. 2. Grave also means 'serious' or 'somber'.
207,Level 3,"(bid, offer) (sore, sensitive)",TENDER,REFUSE,CONTRACT,STEEP,FAIR,A,The word 'TENDER' links the two pairs. 1. Tender means 'bid' or 'offer'. 2. Tender also means 'sore' or 'sensitive'.
208,Level 3,"(time, term) (herb, flavour)",TENDER,JERK,SEASON,STERN,RACKET,C,The word 'SEASON' links the two pairs. 1. Season means 'time' or 'term'. 2. Season also means 'herb' or 'flavour'.
209,Level 3,"(propose, offer) (sore, painful)",SEASON,PATIENT,TENDER,LEAD,LONG,C,The word 'TENDER' links the two pairs. 1. Tender means 'propose' or 'offer'. 2. Tender also means 'sore' or 'painful'.
210,Level 3,"(void, null) (sick, unwell)",GRATE,POUND,INVALID,TRIP,CURRENT,C,The word 'INVALID' links the two pairs. 1. Invalid means 'void' or 'null'. 2. Invalid also means 'sick' or 'unwell'.
211,Level 3,"(propose, offer) (sensitive, sore)",PARK,TENDER,FINE,JERK,SCALE,B,The word 'TENDER' links the two pairs. 1. Tender means 'propose' or 'offer'. 2. Tender also means 'sensitive' or 'sore'.
212,Level 3,"(vault, crypt) (serious, solemn)",GRAVE,FAIR,REFUSE,STEEP,FLY,A,The word 'GRAVE' links the two pairs. 1. Grave means 'vault' or 'crypt'. 2. Grave also means 'serious' or 'solemn'.
213,Level 3,"(offer, bid) (sensitive, sore)",JAM,MINUTE,SEASON,TENDER,INVALID,D,The word 'TENDER' links the two pairs. 1. Tender means 'offer' or 'bid'. 2. Tender also means 'sensitive' or 'sore'.
214,Level 3,"(offering, donation) (exist, here)",JAM,PRESENT,BOLT,OBJECT,ROCK,B,The word 'PRESENT' links the two pairs. 1. Present means 'offering' or 'donation'. 2. Present also means 'exist' or 'here'.
215,Level 3,"(bird, fowl) (shrink, recoil)",SEASON,GRAVE,FAIR,PARK,QUAIL,E,The word 'QUAIL' links the two pairs. 1. Quail means 'bird' or 'fowl'. 2. Quail also means 'shrink' or 'recoil'.
216,Level 3,"(paddle, bat) (uproar, noise)",STERN,RACKET,INVALID,MINUTE,SEASON,B,The word 'RACKET' links the two pairs. 1. Racket means 'paddle' or 'bat'. 2. Racket also means 'uproar' or 'noise'.
217,Level 3,"(crypt, tomb) (somber, solemn)",FAIR,FAN,GRAVE,PARK,STEEP,C,The word 'GRAVE' links the two pairs. 1. Grave means 'crypt' or 'tomb'. 2. Grave also means 'somber' or 'solemn'.
218,Level 3,"(offering, gift) (here, exist)",PRESENT,FILE,FAN,FINE,QUAIL,A,The word 'PRESENT' links the two pairs. 1. Present means 'offering' or 'gift'. 2. Present also means 'here' or 'exist'.
219,Level 3,"(bid, offer) (painful, sensitive)",MINT,PLAY,PARK,POOL,TENDER,E,The word 'TENDER' links the two pairs. 1. Tender means 'bid' or 'offer'. 2. Tender also means 'painful' or 'sensitive'.
220,Level 3,"(soak, drench) (abrupt, sharp)",SINK,TRIP,CLUB,STEEP,CURRENT,D,The word 'STEEP' links the two pairs. 1. Steep means 'soak' or 'drench'. 2. Steep also means 'abrupt' or 'sharp'.
221,Level 3,"(void, null) (unwell, ill)",CLUB,MATCH,FINE,WAVE,INVALID,E,The word 'INVALID' links the two pairs. 1. Invalid means 'void' or 'null'. 2. Invalid also means 'unwell' or 'ill'.
222,Level 3,"(soak, drench) (high, abrupt)",WATCH,STEEP,BARK,TENDER,LEAD,B,The word 'STEEP' links the two pairs. 1. Steep means 'soak' or 'drench'. 2. Steep also means 'high' or 'abrupt'.
223,Level 3,"(shrink, narrow) (deal, treaty)",MATCH,SCALE,STEEP,FAIR,CONTRACT,E,The word 'CONTRACT' links the two pairs. 1. Contract means 'shrink' or 'narrow'. 2. Contract also means 'deal' or 'treaty'.
224,Level 3,"(term, time) (spice, flavour)",SEASON,BARK,MINT,GRAVE,QUAIL,A,The word 'SEASON' links the two pairs. 1. Season means 'term' or 'time'. 2. Season also means 'spice' or 'flavour'.
225,Level 3,"(reduce, shrink) (treaty, agreement)",PATIENT,RING,CLUB,TENDER,CONTRACT,E,The word 'CONTRACT' links the two pairs. 1. Contract means 'reduce' or 'shrink'. 2. Contract also means 'treaty' or 'agreement'.
226,Level 3,"(propose, bid) (sensitive, painful)",YARD,TENDER,OBJECT,GRATE,STEEP,B,The word 'TENDER' links the two pairs. 1. Tender means 'propose' or 'bid'. 2. Tender also means 'sensitive' or 'painful'.
227,Level 3,"(microscopic, small) (instant, moment)",RING,GRAVE,FILE,RACKET,MINUTE,E,The word 'MINUTE' links the two pairs. 1. Minute means 'microscopic' or 'small'. 2. Minute also means 'instant' or 'moment'.
228,Level 3,"(pilot, direct) (metal, weight)",CURRENT,PRESENT,CONTENT,LEAD,CONTRACT,D,The word 'LEAD' links the two pairs. 1. Lead means 'pilot' or 'direct'. 2. Lead also means 'metal' or 'weight'.
229,Level 3,"(club, paddle) (din, noise)",BAT,MINUTE,CONTENT,RACKET,JAM,D,The word 'RACKET' links the two pairs. 1. Racket means 'club' or 'paddle'. 2. Racket also means 'din' or 'noise'.
230,Level 3,"(crypt, tomb) (somber, solemn)",FAIR,MINUTE,FINE,GRAVE,RING,D,The word 'GRAVE' links the two pairs. 1. Grave means 'crypt' or 'tomb'. 2. Grave also means 'somber' or 'solemn'.
231,Level 3,"(satisfied, happy) (subject, matter)",OBJECT,INVALID,MINT,CONTENT,BAT,D,The word 'CONTENT' links the two pairs. 1. Content means 'satisfied' or 'happy'. 2. Content also means 'subject' or 'matter'.
232,Level 3,"(microscopic, tiny) (instant, second)",SEASON,FINE,MINUTE,CURRENT,SCALE,C,The word 'MINUTE' links the two pairs. 1. Minute means 'microscopic' or 'tiny'. 2. Minute also means 'instant' or 'second'.
233,Level 3,"(shrink, narrow) (agreement, treaty)",CONTRACT,TENDER,POUND,STERN,FILE,A,The word 'CONTRACT' links the two pairs. 1. Contract means 'shrink' or 'narrow'. 2. Contract also means 'agreement' or 'treaty'.
234,Level 3,"(small, microscopic) (second, moment)",PRESENT,MINUTE,CONTENT,CLUB,SINK,B,The word 'MINUTE' links the two pairs. 1. Minute means 'small' or 'microscopic'. 2. Minute also means 'second' or 'moment'.
235,Level 3,"(microscopic, small) (instant, moment)",BOLT,FAN,TRIP,MINUTE,PRESENT,D,The word 'MINUTE' links the two pairs. 1. Minute means 'microscopic' or 'small'. 2. Minute also means 'instant' or 'moment'.
236,Level 3,"(offering, donation) (exist, attend)",RASH,FILE,JAM,PRESENT,BOLT,D,The word 'PRESENT' links the two pairs. 1. Present means 'offering' or 'donation'. 2. Present also means 'exist' or 'attend'.
237,Level 3,"(tomb, vault) (solemn, serious)",RACKET,GRAVE,CONTRACT,POUND,FINE,B,The word 'GRAVE' links the two pairs. 1. Grave means 'tomb' or 'vault'. 2. Grave also means 'solemn' or 'serious'.
238,Level 3,"(crypt, vault) (serious, solemn)",OBJECT,LEAD,SEASON,BARK,GRAVE,E,The word 'GRAVE' links the two pairs. 1. Grave means 'crypt' or 'vault'. 2. Grave also means 'serious' or 'solemn'.
239,Level 3,"(bird, game) (shrink, recoil)",LEAD,GRATE,QUAIL,FILE,STEEP,C,The word 'QUAIL' links the two pairs. 1. Quail means 'bird' or 'game'. 2. Quail also means 'shrink' or 'recoil'.
240,Level 3,"(pilot, guide) (metal, element)",MINT,GRAVE,LEAD,RACKET,QUAIL,C,The word 'LEAD' links the two pairs. 1. Lead means 'pilot' or 'guide'. 2. Lead also means 'metal' or 'element'.
241,Level 3,"(satisfied, happy) (subject, topic)",MATCH,RING,INVALID,PATIENT,CONTENT,E,The word 'CONTENT' links the two pairs. 1. Content means 'satisfied' or 'happy'. 2. Content also means 'subject' or 'topic'.
242,Level 3,"(period, time) (spice, herb)",WATCH,YARD,STEEP,SINK,SEASON,E,The word 'SEASON' links the two pairs. 1. Season means 'period' or 'time'. 2. Season also means 'spice' or 'herb'.
243,Level 3,"(vault, tomb) (solemn, serious)",GRAVE,FAIR,INVALID,RASH,TRIP,A,The word 'GRAVE' links the two pairs. 1. Grave means 'vault' or 'tomb'. 2. Grave also means 'solemn' or 'serious'.
244,Level 3,"(gift, offering) (here, attend)",YARD,STERN,WAVE,TRIP,PRESENT,E,The word 'PRESENT' links the two pairs. 1. Present means 'gift' or 'offering'. 2. Present also means 'here' or 'attend'.
245,Level 3,"(period, term) (spice, flavour)",CONTRACT,REFUSE,CLUB,SEASON,PATIENT,D,The word 'SEASON' links the two pairs. 1. Season means 'period' or 'term'. 2. Season also means 'spice' or 'flavour'.
246,Level 3,"(small, tiny) (second, moment)",FAIR,REFUSE,BAT,FILE,MINUTE,E,The word 'MINUTE' links the two pairs. 1. Minute means 'small' or 'tiny'. 2. Minute also means 'second' or 'moment'.
247,Level 3,"(void, false) (unwell, sick)",INVALID,POOL,CONTRACT,WATCH,TRIP,A,The word 'INVALID' links the two pairs. 1. Invalid means 'void' or 'false'. 2. Invalid also means 'unwell' or 'sick'.
248,Level 3,"(propose, offer) (painful, sore)",JAM,STERN,PARK,JERK,TENDER,E,The word 'TENDER' links the two pairs. 1. Tender means 'propose' or 'offer'. 2. Tender also means 'painful' or 'sore'.
249,Level 3,"(rubbish, waste) (decline, reject)",LEAD,REFUSE,GRAVE,FILE,FAIR,B,The word 'REFUSE' links the two pairs. 1. Refuse means 'rubbish' or 'waste'. 2. Refuse also means 'decline' or 'reject'.
250,Level 3,"(tiny, microscopic) (second, moment)",ROCK,CURRENT,MINUTE,MATCH,PRESENT,C,The word 'MINUTE' links the two pairs. 1. Minute means 'tiny' or 'microscopic'. 2. Minute also means 'second' or 'moment'.
251,Level 3,"(null, void) (unwell, sick)",INVALID,CONTENT,FAN,FINE,OBJECT,A,The word 'INVALID' links the two pairs. 1. Invalid means 'null' or 'void'. 2. Invalid also means 'unwell' or 'sick'.
252,Level 3,"(game, bird) (shrink, cower)",REFUSE,WATCH,JERK,STEEP,QUAIL,E,The word 'QUAIL' links the two pairs. 1. Quail means 'game' or 'bird'. 2. Quail also means 'shrink' or 'cower'.
253,Level 3,"(trash, rubbish) (decline, reject)",REFUSE,INVALID,POOL,MATCH,FAIR,A,The word 'REFUSE' links the two pairs. 1. Refuse means 'trash' or 'rubbish'. 2. Refuse also means 'decline' or 'reject'.
254,Level 3,"(false, null) (ill, unwell)",POOL,CURRENT,TRIP,INVALID,BARK,D,The word 'INVALID' links the two pairs. 1. Invalid means 'false' or 'null'. 2. Invalid also means 'ill' or 'unwell'.
255,Level 3,"(null, void) (sick, ill)",PARK,GRATE,SINK,CURRENT,INVALID,E,The word 'INVALID' links the two pairs. 1. Invalid means 'null' or 'void'. 2. Invalid also means 'sick' or 'ill'.
256,Level 3,"(reduce, narrow) (agreement, deal)",PRESENT,CONTRACT,ROCK,MINT,SINK,B,The word 'CONTRACT' links the two pairs. 1. Contract means 'reduce' or 'narrow'. 2. Contract also means 'agreement' or 'deal'.
257,Level 3,"(guide, direct) (weight, metal)",RING,BARK,LEAD,PLAY,RACKET,C,The word 'LEAD' links the two pairs. 1. Lead means 'guide' or 'direct'. 2. Lead also means 'weight' or 'metal'.
258,Level 3,"(microscopic, tiny) (instant, second)",CONTENT,TRIP,QUAIL,BARK,MINUTE,E,The word 'MINUTE' links the two pairs. 1. Minute means 'microscopic' or 'tiny'. 2. Minute also means 'instant' or 'second'.
259,Level 3,"(drench, soak) (abrupt, sharp)",MINT,OBJECT,SINK,JERK,STEEP,E,The word 'STEEP' links the two pairs. 1. Steep means 'drench' or 'soak'. 2. Steep also means 'abrupt' or 'sharp'.
260,Level 3,"(item, article) (oppose, argue)",OBJECT,SINK,FINE,POUND,PLAY,A,The word 'OBJECT' links the two pairs. 1. Object means 'item' or 'article'. 2. Object also means 'oppose' or 'argue'.
261,Level 3,"(drench, marinate) (abrupt, high)",STEEP,MATCH,MINUTE,TRIP,MINT,A,The word 'STEEP' links the two pairs. 1. Steep means 'drench' or 'marinate'. 2. Steep also means 'abrupt' or 'high'.
262,Level 3,"(bird, game) (shrink, recoil)",QUAIL,FILE,CONTENT,RING,BARK,A,The word 'QUAIL' links the two pairs. 1. Quail means 'bird' or 'game'. 2. Quail also means 'shrink' or 'recoil'.
263,Level 3,"(club, paddle) (uproar, noise)",WATCH,WAVE,RACKET,CONTRACT,FLY,C,The word 'RACKET' links the two pairs. 1. Racket means 'club' or 'paddle'. 2. Racket also means 'uproar' or 'noise'.
264,Level 3,"(trash, waste) (deny, reject)",REFUSE,FLY,MINT,MINUTE,INVALID,A,The word 'REFUSE' links the two pairs. 1. Refuse means 'trash' or 'waste'. 2. Refuse also means 'deny' or 'reject'.
265,Level 3,"(direct, guide) (element, metal)",POOL,RASH,LEAD,LONG,BAT,C,The word 'LEAD' links the two pairs. 1. Lead means 'direct' or 'guide'. 2. Lead also means 'element' or 'metal'.
266,Level 3,"(propose, offer) (sore, painful)",PLAY,WAVE,PARK,SCALE,TENDER,E,The word 'TENDER' links the two pairs. 1. Tender means 'propose' or 'offer'. 2. Tender also means 'sore' or 'painful'.
267,Level 3,"(article, item) (protest, argue)",OBJECT,FAN,PARK,FILE,GRATE,A,The word 'OBJECT' links the two pairs. 1. Object means 'article' or 'item'. 2. Object also means 'protest' or 'argue'.
268,Level 3,"(rubbish, trash) (decline, reject)",TRIP,PRESENT,JAM,REFUSE,OBJECT,D,The word 'REFUSE' links the two pairs. 1. Refuse means 'rubbish' or 'trash'. 2. Refuse also means 'decline' or 'reject'.
269,Level 3,"(term, period) (flavour, herb)",JAM,FAN,SEASON,MINT,RING,C,The word 'SEASON' links the two pairs. 1. Season means 'term' or 'period'. 2. Season also means 'flavour' or 'herb'.
270,Level 3,"(rubbish, waste) (reject, deny)",ROCK,SCALE,WAVE,FLY,REFUSE,E,The word 'REFUSE' links the two pairs. 1. Refuse means 'rubbish' or 'waste'. 2. Refuse also means 'reject' or 'deny'.
271,Level 3,"(garden, enclosure) (unit, stick)",POUND,YARD,TENDER,JERK,RING,B,The word 'YARD' links the two pairs. 1. Yard means 'garden' or 'enclosure'. 2. Yard also means 'unit' or 'stick'.
272,Level 3,"(offering, donation) (exist, attend)",PRESENT,JAM,FILE,RASH,ROCK,A,The word 'PRESENT' links the two pairs. 1. Present means 'offering' or 'donation'. 2. Present also means 'exist' or 'attend'.
273,Level 3,"(tiny, microscopic) (moment, instant)",MATCH,POUND,MINUTE,FILE,STEEP,C,The word 'MINUTE' links the two pairs. 1. Minute means 'tiny' or 'microscopic'. 2. Minute also means 'moment' or 'instant'.
274,Level 3,"(game, fowl) (recoil, cower)",BOLT,LONG,QUAIL,PATIENT,JAM,C,The word 'QUAIL' links the two pairs. 1. Quail means 'game' or 'fowl'. 2. Quail also means 'recoil' or 'cower'.
275,Level 3,"(propose, offer) (sensitive, sore)",LEAD,MATCH,TENDER,STEEP,RING,C,The word 'TENDER' links the two pairs. 1. Tender means 'propose' or 'offer'. 2. Tender also means 'sensitive' or 'sore'.
276,Level 3,"(satisfied, happy) (matter, topic)",MATCH,WAVE,CURRENT,ROCK,CONTENT,E,The word 'CONTENT' links the two pairs. 1. Content means 'satisfied' or 'happy'. 2. Content also means 'matter' or 'topic'.
277,Level 3,"(item, thing) (argue, oppose)",MINT,RACKET,CONTENT,OBJECT,MINUTE,D,The word 'OBJECT' links the two pairs. 1. Object means 'item' or 'thing'. 2. Object also means 'argue' or 'oppose'.
278,Level 3,"(false, void) (unwell, ill)",RING,INVALID,RASH,STERN,MINT,B,The word 'INVALID' links the two pairs. 1. Invalid means 'false' or 'void'. 2. Invalid also means 'unwell' or 'ill'.
279,Level 3,"(bid, propose) (sensitive, sore)",FINE,PLAY,STERN,TENDER,FILE,D,The word 'TENDER' links the two pairs. 1. Tender means 'bid' or 'propose'. 2. Tender also means 'sensitive' or 'sore'.
280,Level 3,"(time, period) (spice, herb)",QUAIL,STEEP,ROCK,SEASON,RACKET,D,The word 'SEASON' links the two pairs. 1. Season means 'time' or 'period'. 2. Season also means 'spice' or 'herb'.
281,Level 3,"(false, null) (sick, unwell)",MINT,PARK,MATCH,INVALID,LONG,D,The word 'INVALID' links the two pairs. 1. Invalid means 'false' or 'null'. 2. Invalid also means 'sick' or 'unwell'.
282,Level 3,"(crypt, tomb) (solemn, somber)",LEAD,PATIENT,JERK,WAVE,GRAVE,E,The word 'GRAVE' links the two pairs. 1. Grave means 'crypt' or 'tomb'. 2. Grave also means 'solemn' or 'somber'.
283,Level 3,"(small, tiny) (moment, second)",BOLT,MINUTE,BAT,BARK,FLY,B,The word 'MINUTE' links the two pairs. 1. Minute means 'small' or 'tiny'. 2. Minute also means 'moment' or 'second'.
284,Level 3,"(enclosure, court) (unit, measure)",YARD,CLUB,JERK,RING,QUAIL,A,The word 'YARD' links the two pairs. 1. Yard means 'enclosure' or 'court'. 2. Yard also means 'unit' or 'measure'.
285,Level 3,"(bird, game) (shrink, cower)",INVALID,CONTRACT,YARD,QUAIL,ROCK,D,The word 'QUAIL' links the two pairs. 1. Quail means 'bird' or 'game'. 2. Quail also means 'shrink' or 'cower'.
286,Level 3,"(bird, game) (shrink, recoil)",PLAY,JERK,SINK,WAVE,QUAIL,E,The word 'QUAIL' links the two pairs. 1. Quail means 'bird' or 'game'. 2. Quail also means 'shrink' or 'recoil'.
287,Level 3,"(item, article) (argue, protest)",SINK,OBJECT,CURRENT,PRESENT,CLUB,B,The word 'OBJECT' links the two pairs. 1. Object means 'item' or 'article'. 2. Object also means 'argue' or 'protest'.
288,Level 3,"(rubbish, waste) (deny, decline)",FAN,GRATE,REFUSE,BAT,JAM,C,The word 'REFUSE' links the two pairs. 1. Refuse means 'rubbish' or 'waste'. 2. Refuse also means 'deny' or 'decline'.
289,Level 3,"(game, fowl) (cower, recoil)",CLUB,PLAY,CURRENT,PATIENT,QUAIL,E,The word 'QUAIL' links the two pairs. 1. Quail means 'game' or 'fowl'. 2. Quail also means 'cower' or 'recoil'.
290,Level 3,"(bat, paddle) (din, uproar)",OBJECT,FILE,ROCK,RACKET,STERN,D,The word 'RACKET' links the two pairs. 1. Racket means 'bat' or 'paddle'. 2. Racket also means 'din' or 'uproar'.
291,Level 3,"(court, enclosure) (measure, unit)",CONTENT,MINT,STERN,YARD,INVALID,D,The word 'YARD' links the two pairs. 1. Yard means 'court' or 'enclosure'. 2. Yard also means 'measure' or 'unit'.
292,Level 3,"(donation, gift) (exist, here)",CURRENT,POOL,BARK,LEAD,PRESENT,E,The word 'PRESENT' links the two pairs. 1. Present means 'donation' or 'gift'. 2. Present also means 'exist' or 'here'.
293,Level 3,"(void, null) (sick, ill)",QUAIL,TENDER,INVALID,RING,BAT,C,The word 'INVALID' links the two pairs. 1. Invalid means 'void' or 'null'. 2. Invalid also means 'sick' or 'ill'.
294,Level 3,"(court, enclosure) (measure, unit)",CURRENT,YARD,STEEP,ROCK,QUAIL,B,The word 'YARD' links the two pairs. 1. Yard means 'court' or 'enclosure'. 2. Yard also means 'measure' or 'unit'.
295,Level 3,"(propose, offer) (sensitive, painful)",WATCH,STERN,TENDER,GRATE,PLAY,C,The word 'TENDER' links the two pairs. 1. Tender means 'propose' or 'offer'. 2. Tender also means 'sensitive' or 'painful'.
296,Level 3,"(enclosure, court) (unit, stick)",YARD,PLAY,JAM,FINE,FILE,A,The word 'YARD' links the two pairs. 1. Yard means 'enclosure' or 'court'. 2. Yard also means 'unit' or 'stick'.
297,Level 3,"(thing, article) (oppose, argue)",GRAVE,PATIENT,WAVE,OBJECT,FAN,D,The word 'OBJECT' links the two pairs. 1. Object means 'thing' or 'article'. 2. Object also means 'oppose' or 'argue'.
298,Level 3,"(guide, direct) (metal, element)",LEAD,PRESENT,WATCH,REFUSE,TRIP,A,The word 'LEAD' links the two pairs. 1. Lead means 'guide' or 'direct'. 2. Lead also means 'metal' or 'element'.
299,Level 3,"(bat, club) (din, noise)",RACKET,POOL,STERN,PRESENT,CONTENT,A,The word 'RACKET' links the two pairs. 1. Racket means 'bat' or 'club'. 2. Racket also means 'din' or 'noise'.
300,Level 3,"(shrink, reduce) (agreement, treaty)",RING,REFUSE,INVALID,GRAVE,CONTRACT,E,The word 'CONTRACT' links the two pairs. 1. Contract means 'shrink' or 'reduce'. 2. Contract also means 'agreement' or 'treaty'.