VA_01,"Wide is to (A: Big, B: Narrow, C: Road) as Fast is to (X: Quick, Y: Run, Z: Slow)",BZ,BX,AX,BY,CY,A
VA_02,"Writer is to (A: Pen, B: Book, C: Read) as Chef is to (X: Knife, Y: Cook, Z: Food)",CZ,BX,BZ,AX,CX,D
VA_03,"Lion is to (A: Roar, B: Cub, C: Mane) as Horse is to (X: Stable, Y: Ride, Z: Foal)",CY,CZ,BZ,BY,AZ,C
VA_04,"Photographer is to (A: Photo, B: Camera, C: Lens) as Chef is to (X: Knife, Y: Food, Z: Cook)",AX,CZ,BZ,BX,BY,D
VA_05,"Rough is to (A: Sand, B: Smooth, C: Paper) as Strong is to (X: Muscle, Y: Weak, Z: Power)",AZ,CX,CZ,BY,CY,D
VA_06,"Sheep is to (A: Wool, B: Ba, C: Lamb) as Frog is to (X: Green, Y: Pond, Z: Tadpole)",CZ,BY,AX,CY,CX,A
VA_07,"Carpenter is to (A: Saw, B: Build, C: Wood) as Butcher is to (X: Meat, Y: Cleaver, Z: Shop)",AY,CY,AX,CZ,BY,A
VA_08,"Odometer is to (A: Distance, B: Car, C: Speed) as Ruler is to (X: Tail, Y: Ounces, Z: Length)",AZ,BZ,BY,AY,CX,A
VA_09,"Cat is to (A: Purr, B: Fur, C: Kitten) as Sheep is to (X: Wool, Y: Ba, Z: Lamb)",BZ,CY,BX,CZ,AZ,D
VA_10,"Chef is to (A: Knife, B: Food, C: Cook) as Photographer is to (X: Camera, Y: Lens, Z: Photo)",CY,BZ,AZ,AX,BY,D
VA_11,"Cow is to (A: Calf, B: Milk, C: Farm) as Dog is to (X: Bone, Y: Puppy, Z: Bark)",CY,BY,CX,BZ,AY,E
VA_12,"Frog is to (A: Pond, B: Tadpole, C: Green) as Horse is to (X: Ride, Y: Stable, Z: Foal)",BZ,AY,CY,AX,BY,A
VA_13,"Rough is to (A: Smooth, B: Paper, C: Sand) as High is to (X: Tall, Y: Low, Z: Sky)",AZ,BY,BZ,CZ,AY,E
VA_14,"Strong is to (A: Muscle, B: Weak, C: Power) as Hot is to (X: Warm, Y: Cold, Z: Sun)",CX,AX,AY,AZ,BY,E
VA_15,"Rough is to (A: Paper, B: Sand, C: Smooth) as Fast is to (X: Slow, Y: Run, Z: Quick)",CX,BZ,AX,AZ,AY,A
VA_16,"High is to (A: Sky, B: Tall, C: Low) as Light is to (X: Lamp, Y: Dark, Z: Sun)",BX,AY,BZ,CY,CZ,D
VA_17,"Frog is to (A: Green, B: Tadpole, C: Pond) as Cat is to (X: Kitten, Y: Purr, Z: Fur)",BZ,BY,CY,AY,BX,E
VA_18,"Ruler is to (A: Tail, B: Ounces, C: Length) as Odometer is to (X: Car, Y: Speed, Z: Distance)",AX,CZ,BX,AY,CY,B
VA_19,"Carpenter is to (A: Wood, B: Saw, C: Build) as Surgeon is to (X: Nurse, Y: Doctor, Z: Scalpel)",AX,BZ,AZ,CZ,BY,B
VA_20,"Hot is to (A: Warm, B: Sun, C: Cold) as Fast is to (X: Quick, Y: Run, Z: Slow)",BZ,CX,AY,AZ,CZ,E
VA_21,"Butcher is to (A: Meat, B: Cleaver, C: Shop) as Chef is to (X: Cook, Y: Knife, Z: Food)",BX,CZ,CX,AZ,BY,E
VA_22,"Compass is to (A: Needle, B: North, C: Direction) as Odometer is to (X: Distance, Y: Car, Z: Speed)",BY,CX,CY,BX,AX,B
VA_23,"Ruler is to (A: Length, B: Ounces, C: Tail) as Scales is to (X: Pounds, Y: Fins, Z: Weight)",BZ,CZ,BY,AZ,AY,D
VA_24,"Hard is to (A: Difficult, B: Soft, C: Rock) as Strong is to (X: Muscle, Y: Weak, Z: Power)",AY,CZ,AX,CX,BY,E
VA_25,"Sheep is to (A: Lamb, B: Ba, C: Wool) as Horse is to (X: Ride, Y: Stable, Z: Foal)",BY,CY,CZ,AZ,CX,D
VA_26,"Gardener is to (A: Spade, B: Soil, C: Plant) as Surgeon is to (X: Scalpel, Y: Nurse, Z: Doctor)",AZ,CX,CY,AX,BY,D
VA_27,"Clock is to (A: Time, B: Face, C: Hands) as Barometer is to (X: Air, Y: Rain, Z: Pressure)",AZ,CZ,CX,BY,AY,A
VA_28,"Cow is to (A: Milk, B: Calf, C: Farm) as Sheep is to (X: Ba, Y: Wool, Z: Lamb)",CZ,BZ,CY,BX,BY,B
VA_29,"Clock is to (A: Face, B: Time, C: Hands) as Speedometer is to (X: Car, Y: Speed, Z: Fast)",BZ,BY,AX,CZ,BX,B
VA_30,"Speedometer is to (A: Fast, B: Speed, C: Car) as Ruler is to (X: Tail, Y: Ounces, Z: Length)",BZ,AZ,CY,AY,CZ,A
VA_31,"Pilot is to (A: Plane, B: Fly, C: Cockpit) as Scientist is to (X: Laboratory, Y: Tube, Z: Test)",BY,CY,AX,AZ,CX,E
VA_32,"Tape Measure is to (A: Inches, B: Builders, C: Length) as Barometer is to (X: Rain, Y: Air, Z: Pressure)",AZ,CY,AX,CX,CZ,E
VA_33,"Frog is to (A: Hop, B: Green, C: Pond) as Knife is to (X: Fork, Y: Cut, Z: Sharp)",CX,BX,CY,AY,BZ,D
VA_34,"USA is to (A: Flag, B: Dollar, C: Washington) as UK is to (X: London, Y: Queen, Z: Tea)",BZ,CX,AZ,BY,AX,B
VA_35,"Wheel is to (A: Drive, B: Car, C: Road) as Page is to (X: Read, Y: Book, Z: Word)",AY,CZ,CX,BY,BZ,D
VA_36,"Odometer is to (A: Distance, B: Speed, C: Car) as Balance is to (X: Mass, Y: Heavy, Z: Stone)",CZ,BX,AY,AX,BZ,D
VA_37,"Farmer is to (A: Crop, B: Farm, C: Field) as Waiter is to (X: Diner, Y: Restaurant, Z: Cafe)",CZ,CY,CX,BY,AX,D
VA_38,"Bear is to (A: Sleep, B: Den, C: Winter) as Squirrel is to (X: Nut, Y: Drey, Z: Tree)",CX,BY,AX,AY,CY,B
VA_39,"Captain is to (A: Boat, B: Sea, C: Ship) as Butcher is to (X: Meat, Y: Shop, Z: Butchery)",AZ,CZ,AY,BZ,CY,B
VA_40,"Butterfly is to (A: Fly, B: Caterpillar, C: Insect) as Pig is to (X: Mud, Y: Piglet, Z: Sty)",BZ,CY,AY,BY,AX,D
VA_41,"Wolf is to (A: Team, B: Gang, C: Pack) as Geese is to (X: Flock, Y: Gaggle, Z: Group)",BY,CY,AX,BZ,AY,B
VA_42,"Brave is to (A: Courageous, B: Fear, C: Weak) as Rich is to (X: Poor, Y: Money, Z: Wealthy)",AZ,CZ,BY,CY,BX,A
VA_43,"Sweden is to (A: Ice, B: Stockholm, C: North) as France is to (X: Wine, Y: Paris, Z: Europe)",CZ,AX,BY,CX,CY,C
VA_44,"Stopwatch is to (A: Race, B: Time, C: Fast) as Seismograph is to (X: Earthquake, Y: Shake, Z: Ground)",BY,BZ,BX,CY,AY,C
VA_45,"Mechanic is to (A: Spanner, B: Car, C: Fix) as Carpenter is to (X: Saw, Y: Build, Z: Wood)",AY,CY,CX,AX,BX,D
VA_46,"Elephant is to (A: Parade, B: Big, C: Zoo) as Geese is to (X: Flock, Y: Gaggle, Z: Group)",BX,AX,AY,BY,AZ,C
VA_47,"Speedometer is to (A: Speed, B: Car, C: Fast) as Altimeter is to (X: Plane, Y: Fly, Z: Height)",AY,BY,BX,AZ,AX,D
VA_48,"Judge is to (A: Court, B: Law, C: Jail) as Captain is to (X: Boat, Y: Ship, Z: Sea)",AY,BZ,CX,AZ,AX,A
VA_49,"Priest is to (A: Church, B: God, C: Pray) as Baker is to (X: Cake, Y: Bread, Z: Bakery)",AX,AZ,BZ,CX,BY,B
VA_50,"Bear is to (A: Cub, B: Cave, C: Honey) as Cow is to (X: Farm, Y: Milk, Z: Calf)",CZ,AZ,AX,AY,CX,B
VA_51,"Horse is to (A: Stable, B: Ride, C: Hay) as Squirrel is to (X: Drey, Y: Tree, Z: Nut)",AX,BZ,AY,CX,AZ,A
VA_52,"Sheep is to (A: Wool, B: Lamb, C: Ba) as Butterfly is to (X: Caterpillar, Y: Fly, Z: Insect)",CY,AX,BZ,CZ,BX,E
VA_53,"Germany is to (A: Cars, B: Berlin, C: Beer) as Italy is to (X: Rome, Y: Pasta, Z: Pizza)",BY,CZ,CY,CX,BX,E
VA_54,"Mechanic is to (A: Car, B: Fix, C: Garage) as Baker is to (X: Bakery, Y: Bread, Z: Cake)",AY,AZ,CX,BY,CZ,C
VA_55,"Fish is to (A: Shoal, B: School, C: Swarm) as Geese is to (X: Group, Y: Flock, Z: Gaggle)",BZ,BX,AZ,BY,AY,C
VA_56,"Fish is to (A: Water, B: Fin, C: Swim) as Bee is to (X: Hive, Y: Honey, Z: Buzz)",AY,BY,CZ,AX,BZ,D
VA_57,"Mechanic is to (A: Spanner, B: Car, C: Fix) as Photographer is to (X: Camera, Y: Photo, Z: Lens)",AX,CY,BY,AZ,CZ,A
VA_58,"Blacksmith is to (A: Iron, B: Anvil, C: Fire) as Mason is to (X: Wall, Y: Trowel, Z: Brick)",CY,BY,CX,AY,AX,B
VA_59,"Speedometer is to (A: Car, B: Fast, C: Speed) as Anemometer is to (X: Blow, Y: Air, Z: Wind)",AZ,BX,CZ,AX,BZ,C
VA_60,"Doctor is to (A: Sick, B: Nurse, C: Hospital) as Priest is to (X: Pray, Y: Church, Z: God)",CZ,BY,CY,BZ,BX,C
VA_61,"Crow is to (A: Kill, B: Dark, C: Murder) as Whale is to (X: Pod, Y: Ocean, Z: Sea)",CX,BZ,AY,AZ,CZ,A
VA_62,"Lion is to (A: King, B: Den, C: Roar) as Wasp is to (X: Sting, Y: Yellow, Z: Nest)",BZ,AY,AX,AZ,CY,A
VA_63,"Hygrometer is to (A: Damp, B: Humidity, C: Dry) as Barometer is to (X: Air, Y: Pressure, Z: Rain)",BZ,CZ,AX,CX,BY,E
VA_64,"Lumberjack is to (A: Axe, B: Tree, C: Forest) as Writer is to (X: Pen, Y: Read, Z: Book)",BZ,AY,AX,CY,BY,C
VA_65,"Lion is to (A: Cat, B: Lioness, C: Cub) as Husband is to (X: Wife, Y: Lady, Z: Man)",CY,BX,AZ,AY,CZ,B
VA_66,"Teacher is to (A: School, B: Learn, C: Class) as Baker is to (X: Bakery, Y: Cake, Z: Bread)",BY,BZ,AX,CZ,AY,C
VA_67,"Rooster is to (A: Hen, B: Chick, C: Egg) as Uncle is to (X: Niece, Y: Nephew, Z: Aunt)",BZ,CY,BY,CX,AZ,E
VA_68,"Bear is to (A: Honey, B: Cave, C: Cub) as Pig is to (X: Piglet, Y: Sty, Z: Mud)",CZ,AX,AY,CY,CX,E
VA_69,"Fish is to (A: School, B: Shoal, C: Swarm) as Monkey is to (X: Tree, Y: Jump, Z: Troop)",AZ,CZ,AY,BY,BZ,E
VA_70,"Pearl is to (A: Oyster, B: Sea, C: Gem) as Wool is to (X: Coat, Y: Jumper, Z: Sheep)",AY,CY,BZ,AZ,CZ,D
VA_71,"Rabbit is to (A: Pet, B: Hop, C: Burrow) as Pen is to (X: Write, Y: Paper, Z: Ink)",BY,AZ,BX,CZ,CY,C
VA_72,"Farmer is to (A: Crop, B: Farm, C: Field) as Actor is to (X: Stage, Y: Theatre, Z: Film)",CY,BX,BY,AZ,AY,C
VA_73,"Boy is to (A: Woman, B: Man, C: Girl) as In is to (X: Out, Y: On, Z: Off)",CY,CX,BX,AX,BZ,B
VA_74,"Odometer is to (A: Car, B: Speed, C: Distance) as Protractor is to (X: Degrees, Y: Turn, Z: Angle)",AZ,CZ,BY,AY,BX,B
VA_75,"Hygrometer is to (A: Damp, B: Humidity, C: Dry) as Ruler is to (X: Ounces, Y: Tail, Z: Length)",AY,BY,CY,BX,BZ,E
VA_76,"Nurse is to (A: Ward, B: Aid, C: Clinic) as Teacher is to (X: Learn, Y: School, Z: Class)",CY,AZ,BX,BZ,CX,A
VA_77,"Swan is to (A: Cygnet, B: Lake, C: Neck) as Rabbit is to (X: Hop, Y: Bunny, Z: Carrot)",AY,AX,CY,AZ,CZ,A
VA_78,"Thermometer is to (A: Mercury, B: Temperature, C: Heat) as Rain Gauge is to (X: Wet, Y: Rainfall, Z: Water)",BZ,AY,BY,AZ,BX,C
VA_79,"Cow is to (A: Farm, B: Milk, C: Calf) as Dog is to (X: Bone, Y: Puppy, Z: Bark)",BY,CY,AY,AX,CX,B
VA_80,"Sleeve is to (A: Coat, B: Arm, C: Wear) as Leg is to (X: Sit, Y: Seat, Z: Chair)",CX,CZ,CY,AX,AZ,E
VA_81,"Ant is to (A: Hill, B: Army, C: Colony) as Whale is to (X: Ocean, Y: Sea, Z: Pod)",CY,BX,CZ,BY,AZ,C
VA_82,"Farmer is to (A: Plough, B: Crop, C: Field) as Photographer is to (X: Lens, Y: Camera, Z: Photo)",CZ,BX,BY,AY,AX,D
VA_83,"Win is to (A: Game, B: Lose, C: Play) as Boy is to (X: Man, Y: Woman, Z: Girl)",AZ,CX,BX,BY,BZ,E
VA_84,"Captain is to (A: Sea, B: Boat, C: Ship) as Baker is to (X: Cake, Y: Bread, Z: Bakery)",BY,BZ,CX,CY,CZ,E
VA_85,"Kangaroo is to (A: Jump, B: Joey, C: Pouch) as Sheep is to (X: Ba, Y: Lamb, Z: Wool)",BY,AY,AZ,CY,CX,A
VA_86,"Brazil is to (A: Football, B: Rain, C: Brasilia) as Portugal is to (X: Sea, Y: Port, Z: Lisbon)",CZ,AX,BY,BX,AZ,A
VA_87,"Wrong is to (A: Incorrect, B: Right, C: True) as Near is to (X: Distant, Y: Close, Z: Far)",AY,CY,AX,BZ,CX,A
VA_88,"Room is to (A: House, B: Door, C: Wall) as Key is to (X: Piano, Y: Music, Z: Note)",AX,BZ,CY,AY,CZ,A
VA_89,"Frog is to (A: Pond, B: Green, C: Hop) as Gun is to (X: Bullet, Y: Shoot, Z: War)",AY,CY,BZ,AX,BY,B
VA_90,"Sad is to (A: Smile, B: Glad, C: Unhappy) as Big is to (X: Tiny, Y: Large, Z: Small)",AZ,CY,BY,AY,CX,B
VA_91,"King is to (A: Queen, B: Crown, C: Prince) as Prince is to (X: Royal, Y: Princess, Z: King)",CZ,AX,BZ,AY,BY,D
VA_92,"Writer is to (A: Book, B: Read, C: Pen) as Carpenter is to (X: Build, Y: Saw, Z: Wood)",BY,BX,CY,AZ,AY,C
VA_93,"Pig is to (A: Oink, B: Sty, C: Mud) as Badger is to (X: Black, Y: White, Z: Sett)",CZ,CY,BY,CX,BZ,E
VA_94,"Car is to (A: Wheel, B: Drive, C: Road) as Pen is to (X: Ink, Y: Write, Z: Paper)",AZ,AX,CY,CZ,BY,E
VA_95,"Drake is to (A: Duck, B: Pond, C: Swim) as Gander is to (X: Goose, Y: Bird, Z: Fly)",AY,AZ,BZ,CX,AX,E
VA_96,"Cow is to (A: Field, B: Barn, C: Milk) as Beaver is to (X: Lodge, Y: Dam, Z: River)",AZ,AY,BX,BY,CZ,C
VA_97,"Cattle is to (A: Flock, B: Herd, C: Group) as Bee is to (X: Buzz, Y: Swarm, Z: Hive)",CZ,AY,AX,BX,BY,E
VA_98,"Up is to (A: Left, B: Down, C: Right) as Sharp is to (X: Knife, Y: Blunt, Z: Cut)",CZ,BZ,BX,BY,AX,D
VA_99,"Top is to (A: Edge, B: Side, C: Bottom) as Hard is to (X: Soft, Y: Rock, Z: Stone)",CX,BY,CZ,BZ,CY,A
VA_100,"India is to (A: Delhi, B: Hot, C: Spicy) as Spain is to (X: Madrid, Y: Bull, Z: Sun)",AZ,AX,CX,CZ,BZ,B
VA_101,"Drake is to (A: Pond, B: Duck, C: Swim) as Rooster is to (X: Egg, Y: Hen, Z: Chick)",BY,BZ,CX,CZ,AX,A
VA_102,"Page is to (A: Book, B: Read, C: Word) as Handle is to (X: Lock, Y: Open, Z: Door)",CZ,BX,CY,CX,AZ,E
VA_103,"Swan is to (A: Cygnet, B: Lake, C: Neck) as Cat is to (X: Kitten, Y: Fur, Z: Purr)",CZ,BY,AX,BX,BZ,C
VA_104,"Greece is to (A: Gods, B: Athens, C: Ancient) as China is to (X: Wall, Y: Rice, Z: Beijing)",BZ,BY,CZ,AY,AZ,A
VA_105,"Clock is to (A: Hands, B: Face, C: Time) as Trundle Wheel is to (X: Distance, Y: Long, Z: Roll)",CZ,CX,AZ,BY,BZ,B
VA_106,"Egypt is to (A: Pyramid, B: Cairo, C: Nile) as China is to (X: Beijing, Y: Wall, Z: Rice)",BX,BZ,CX,AX,AZ,A
VA_107,"Petal is to (A: Scent, B: Rose, C: Flower) as Room is to (X: Door, Y: House, Z: Wall)",CX,BY,BZ,CY,BX,D
VA_108,"Brother is to (A: Boy, B: Son, C: Sister) as Actor is to (X: Actress, Y: Star, Z: Film)",AY,BY,CX,AZ,CZ,C
VA_109,"Nephew is to (A: Daughter, B: Niece, C: Son) as Uncle is to (X: Aunt, Y: Nephew, Z: Niece)",BX,CX,CZ,BZ,AZ,A
VA_110,"Day is to (A: Moon, B: Sun, C: Night) as Empty is to (X: Hollow, Y: Void, Z: Full)",CZ,AZ,BX,AX,CX,A
VA_111,"Farmer is to (A: Farm, B: Crop, C: Field) as Doctor is to (X: Sick, Y: Nurse, Z: Hospital)",BX,AZ,AX,CZ,BY,B
VA_112,"Fish is to (A: Shoal, B: Swarm, C: School) as Bird is to (X: Wing, Y: Flock, Z: Fly)",CX,AZ,AY,CY,AX,C
VA_113,"Monkey is to (A: Jump, B: Troop, C: Tree) as Crow is to (X: Kill, Y: Murder, Z: Dark)",AZ,AX,CX,BY,CY,D
VA_114,"Wasp is to (A: Nest, B: Yellow, C: Sting) as Badger is to (X: Sett, Y: Black, Z: White)",CZ,BY,AX,BZ,BX,C
VA_115,"Pen is to (A: Ink, B: Write, C: Paper) as Fish is to (X: Fin, Y: Swim, Z: Water)",BY,BX,CY,AY,BZ,A
VA_116,"Husband is to (A: Man, B: Wife, C: Lady) as Boar is to (X: Sow, Y: Pig, Z: Sty)",BX,AY,CY,AZ,CZ,A
VA_117,"Portugal is to (A: Port, B: Lisbon, C: Sea) as Australia is to (X: Beach, Y: Kangaroo, Z: Canberra)",BX,BZ,BY,AY,CZ,B
VA_118,"Mechanic is to (A: Spanner, B: Car, C: Fix) as Lumberjack is to (X: Tree, Y: Axe, Z: Forest)",AX,CY,CX,BX,AY,E
VA_119,"Chicken is to (A: Coop, B: Egg, C: Feather) as Bear is to (X: Sleep, Y: Winter, Z: Den)",CZ,AZ,BY,AY,CY,B
VA_120,"Sheep is to (A: Ba, B: Lamb, C: Wool) as Goat is to (X: Climb, Y: Kid, Z: Mountain)",BZ,CX,CZ,AZ,BY,E
VA_121,"Grandfather is to (A: Age, B: Old, C: Grandmother) as Boar is to (X: Sow, Y: Sty, Z: Pig)",AZ,CX,AX,BY,CY,B
VA_122,"Fisherman is to (A: Sea, B: Net, C: Boat) as Surgeon is to (X: Doctor, Y: Scalpel, Z: Nurse)",CZ,CY,BY,AZ,AX,C
VA_123,"Butterfly is to (A: Fly, B: Insect, C: Caterpillar) as Cow is to (X: Farm, Y: Calf, Z: Milk)",CY,CZ,AZ,BZ,AY,A
VA_124,"Toe is to (A: Shoe, B: Foot, C: Sock) as Petal is to (X: Rose, Y: Flower, Z: Scent)",AY,CX,BY,CZ,BZ,C
VA_125,"Win is to (A: Lose, B: Game, C: Play) as Love is to (X: Like, Y: Hate, Z: Feel)",AX,BY,AY,AZ,BX,C
VA_126,"Eagle is to (A: Prey, B: Soar, C: Eaglet) as Kangaroo is to (X: Joey, Y: Jump, Z: Pouch)",CX,AY,AX,BX,BZ,A
VA_127,"Sad is to (A: Glad, B: Unhappy, C: Smile) as Difficult is to (X: Hard, Y: Easy, Z: Simple)",CX,BX,CZ,CY,AX,B
VA_128,"Astronomer is to (A: Telescope, B: Star, C: Space) as Farmer is to (X: Field, Y: Plough, Z: Crop)",AY,CZ,CY,CX,AZ,A
VA_129,"Page is to (A: Word, B: Book, C: Read) as Wheel is to (X: Drive, Y: Road, Z: Car)",BX,AY,AX,BZ,CY,D
VA_130,"Priest is to (A: God, B: Pray, C: Church) as Teacher is to (X: Class, Y: Learn, Z: School)",CY,BX,CZ,AY,CX,C
VA_131,"Boy is to (A: Girl, B: Woman, C: Man) as Black is to (X: White, Y: Grey, Z: Dark)",CX,BX,BY,BZ,AX,E
VA_132,"Sweden is to (A: North, B: Stockholm, C: Ice) as Japan is to (X: Tech, Y: Tokyo, Z: Sushi)",AY,CX,CY,BY,CZ,D
VA_133,"Kangaroo is to (A: Jump, B: Hop, C: Pouch) as Frog is to (X: Pond, Y: Hop, Z: Green)",CZ,AY,BZ,AX,BY,B
VA_134,"Start is to (A: Stop, B: End, C: Begin) as Easy is to (X: Simple, Y: Hard, Z: Tough)",BY,CZ,CX,BX,AX,C
VA_135,"Blacksmith is to (A: Fire, B: Iron, C: Anvil) as Butcher is to (X: Shop, Y: Meat, Z: Cleaver)",BX,AZ,BZ,AX,CZ,E
VA_136,"Chef is to (A: Knife, B: Food, C: Cook) as Mason is to (X: Wall, Y: Brick, Z: Trowel)",BZ,CY,CZ,CX,AZ,E
VA_137,"Goat is to (A: Mountain, B: Kid, C: Climb) as Eagle is to (X: Eaglet, Y: Soar, Z: Prey)",BZ,AY,BX,CZ,CY,C
VA_138,"Wool is to (A: Coat, B: Jumper, C: Sheep) as Bread is to (X: Eat, Y: Wheat, Z: Toast)",AX,CY,AZ,BX,AY,B
VA_139,"Teacher is to (A: School, B: Learn, C: Whiteboard) as Mason is to (X: Wall, Y: Brick, Z: Trowel)",BZ,BY,CZ,CX,BX,C
VA_140,"Brother is to (A: Son, B: Sister, C: Boy) as Drake is to (X: Swim, Y: Pond, Z: Duck)",AY,BX,CZ,BZ,AZ,D
VA_141,"Gander is to (A: Goose, B: Fly, C: Bird) as Stallion is to (X: Ride, Y: Mare, Z: Horse)",BY,CX,BZ,AZ,AY,E
VA_142,"Rabbit is to (A: Hop, B: Pet, C: Burrow) as Frog is to (X: Pond, Y: Green, Z: Hop)",CZ,BY,CY,AZ,BX,D
VA_143,"Stopwatch is to (A: Fast, B: Time, C: Race) as Rain Gauge is to (X: Water, Y: Rainfall, Z: Wet)",CX,BY,AX,AZ,CZ,B
VA_144,"Finger is to (A: Hand, B: Thumb, C: Ring) as Sleeve is to (X: Arm, Y: Wear, Z: Coat)",AZ,AX,BX,CY,BY,A
VA_145,"Horse is to (A: Hay, B: Ride, C: Stable) as Ant is to (X: Hill, Y: Work, Z: Tiny)",CX,CY,AZ,BY,AX,A
VA_146,"Seismograph is to (A: Earthquake, B: Ground, C: Shake) as Hygrometer is to (X: Humidity, Y: Dry, Z: Damp)",BY,CZ,AX,BZ,CY,C
VA_147,"Top is to (A: Side, B: Edge, C: Bottom) as Hot is to (X: Cold, Y: Warm, Z: Boil)",CZ,AZ,BY,CX,BX,D
VA_148,"France is to (A: Paris, B: Wine, C: Europe) as Greece is to (X: Ancient, Y: Athens, Z: Gods)",CX,AZ,CY,AY,BX,D
VA_149,"Waiter is to (A: Cafe, B: Diner, C: Restaurant) as Mechanic is to (X: Fix, Y: Car, Z: Garage)",CX,BY,CZ,CY,AX,C
VA_150,"Boat is to (A: Water, B: Sail, C: Sea) as Plane is to (X: Fly, Y: Air, Z: Wing)",BX,BZ,AY,CY,BY,A
VA_151,"Actor is to (A: Film, B: Theatre, C: Stage) as Butcher is to (X: Meat, Y: Shop, Z: Butchery)",BY,AX,BZ,CZ,BX,C
VA_152,"Finger is to (A: Thumb, B: Ring, C: Hand) as Petal is to (X: Flower, Y: Scent, Z: Rose)",AZ,BY,AY,CZ,CX,E
VA_153,"Starling is to (A: Fly, B: Sky, C: Murmuration) as Lion is to (X: Family, Y: Pride, Z: Bunch)",BX,CX,CY,AZ,BY,C
VA_154,"Cheese is to (A: Yellow, B: Milk, C: Mouse) as Leather is to (X: Cow, Y: Shoe, Z: Skin)",CY,CX,BX,AX,AZ,C
VA_155,"Wasp is to (A: Nest, B: Yellow, C: Sting) as Fox is to (X: Tail, Y: Red, Z: Earth)",BZ,CX,AZ,CZ,AY,C
VA_156,"Altimeter is to (A: Plane, B: Height, C: Fly) as Thermometer is to (X: Heat, Y: Temperature, Z: Mercury)",AX,AZ,BX,BZ,BY,E
VA_157,"Bread is to (A: Eat, B: Wheat, C: Toast) as Paper is to (X: Tree, Y: Book, Z: Wood)",CZ,AY,BX,CX,BZ,E
VA_158,"Waiter is to (A: Waitress, B: Menu, C: Food) as Prince is to (X: Royal, Y: Princess, Z: King)",AX,AY,BY,BZ,CZ,B
VA_159,"Flour is to (A: Bake, B: Bread, C: Wheat) as Glass is to (X: Sand, Y: Window, Z: See)",BY,CZ,BX,CY,CX,E
VA_160,"Scientist is to (A: Laboratory, B: Test, C: Tube) as Farmer is to (X: Crop, Y: Farm, Z: Field)",AX,CZ,CY,BX,AY,E
VA_161,"Bat is to (A: Night, B: Dark, C: Cave) as Badger is to (X: Sett, Y: White, Z: Black)",CX,AZ,BZ,BY,AX,A
VA_162,"Norway is to (A: Oslo, B: Fjord, C: Ship) as Germany is to (X: Berlin, Y: Cars, Z: Beer)",CY,AX,AZ,AY,BZ,B
VA_163,"Man is to (A: Boy, B: Girl, C: Woman) as Hot is to (X: Boil, Y: Cold, Z: Warm)",AZ,CY,BY,BZ,CZ,B
VA_164,"Cattle is to (A: Herd, B: Flock, C: Group) as Crow is to (X: Dark, Y: Kill, Z: Murder)",BX,CY,AZ,AX,CX,C
VA_165,"Tiger is to (A: Tigress, B: Stripes, C: Zoo) as Boar is to (X: Pig, Y: Sty, Z: Sow)",CY,AZ,CX,BY,CZ,B
VA_166,"Big is to (A: Tiny, B: Large, C: Small) as End is to (X: Go, Y: Finish, Z: Start)",CZ,AX,BY,CX,BX,C
VA_167,"Ruler is to (A: Tail, B: Length, C: Ounces) as Clock is to (X: Hands, Y: Face, Z: Time)",BZ,BX,AX,CY,CX,A
VA_168,"Wine is to (A: Grapes, B: Red, C: Drink) as Pearl is to (X: Sea, Y: Gem, Z: Oyster)",CY,BY,BX,AY,AZ,E
VA_169,"Chef is to (A: Food, B: Cook, C: Kitchen) as Doctor is to (X: Hospital, Y: Nurse, Z: Sick)",AY,BY,CY,BZ,CX,E
VA_170,"Happy is to (A: Angry, B: Joyful, C: Sad) as Start is to (X: Stop, Y: Begin, Z: End)",BX,BY,CZ,AZ,AY,B
VA_171,"Lion is to (A: Cat, B: Cub, C: Lioness) as Nephew is to (X: Daughter, Y: Son, Z: Niece)",AZ,CX,AX,BY,CZ,E
VA_172,"Wolf is to (A: Gang, B: Pack, C: Team) as Bee is to (X: Hive, Y: Buzz, Z: Swarm)",CX,CY,CZ,BZ,BY,D
VA_173,"Wide is to (A: Narrow, B: Fat, C: Thin) as Wet is to (X: Water, Y: Rain, Z: Dry)",BZ,AZ,CZ,BX,AX,B
VA_174,"Russia is to (A: Cold, B: Snow, C: Moscow) as Norway is to (X: Fjord, Y: Ship, Z: Oslo)",AY,AZ,BZ,CX,CZ,E
VA_175,"Difficult is to (A: Easy, B: Hard, C: Simple) as Happy is to (X: Joyful, Y: Sad, Z: Angry)",AX,BX,CZ,BZ,CX,B
VA_176,"Spade is to (A: Hole, B: Soil, C: Dig) as Snake is to (X: Slither, Y: Bite, Z: Hiss)",CX,CY,BY,AY,BZ,A
VA_177,"Drake is to (A: Pond, B: Swim, C: Duck) as Bull is to (X: Cow, Y: Calf, Z: Milk)",BZ,CY,CX,CZ,AX,C
VA_178,"Butterfly is to (A: Fly, B: Caterpillar, C: Insect) as Deer is to (X: Forest, Y: Fawn, Z: Antler)",BY,CY,CZ,BX,AZ,A
VA_179,"Sleeve is to (A: Coat, B: Arm, C: Wear) as Room is to (X: Door, Y: Wall, Z: House)",AZ,AY,BX,CY,BZ,A
VA_180,"Captain is to (A: Boat, B: Ship, C: Sea) as Judge is to (X: Court, Y: Law, Z: Jail)",AY,CY,CX,AX,BX,E
VA_181,"Pen is to (A: Write, B: Paper, C: Ink) as Plane is to (X: Wing, Y: Air, Z: Fly)",AY,CY,AX,CZ,AZ,E
VA_182,"Empty is to (A: Full, B: Void, C: Hollow) as Hard is to (X: Soft, Y: Stone, Z: Rock)",BY,AX,CX,BZ,BX,B
VA_183,"Husband is to (A: Man, B: Lady, C: Wife) as Fox is to (X: Tail, Y: Vixen, Z: Den)",CX,AZ,BY,BZ,CY,E
VA_184,"Plumber is to (A: Pipe, B: Water, C: Wrench) as Surgeon is to (X: Nurse, Y: Scalpel, Z: Doctor)",CX,CZ,AX,CY,BX,D
VA_185,"Glass is to (A: Window, B: See, C: Sand) as Cheese is to (X: Milk, Y: Mouse, Z: Yellow)",AX,BZ,CX,CY,AZ,C
VA_186,"Brazil is to (A: Rain, B: Brasilia, C: Football) as Germany is to (X: Berlin, Y: Cars, Z: Beer)",CZ,BZ,CX,BY,BX,E
VA_187,"Difficult is to (A: Easy, B: Hard, C: Simple) as Correct is to (X: False, Y: Wrong, Z: Right)",BY,CX,CZ,AY,BZ,E
VA_188,"Fast is to (A: Quick, B: Slow, C: Late) as Brave is to (X: Weak, Y: Courageous, Z: Fear)",CZ,CY,AY,BX,CX,C
VA_189,"Altimeter is to (A: Plane, B: Fly, C: Height) as Chronometer is to (X: Ship, Y: Watch, Z: Time)",AX,AY,CY,AZ,CZ,E
VA_190,"Fish is to (A: Fin, B: Swim, C: Water) as Pig is to (X: Oink, Y: Mud, Z: Sty)",CZ,BZ,AX,CX,BY,A
VA_191,"Astronomer is to (A: Space, B: Star, C: Telescope) as Lumberjack is to (X: Tree, Y: Axe, Z: Forest)",BX,CZ,CY,AX,BZ,C
VA_192,"Honey is to (A: Bee, B: Hive, C: Sweet) as Milk is to (X: White, Y: Cow, Z: Drink)",CY,CX,AY,AZ,BX,C
VA_193,"Leather is to (A: Shoe, B: Cow, C: Skin) as Silk is to (X: Worm, Y: Soft, Z: Silkworm)",BZ,CX,CY,CZ,AY,A
VA_194,"Goat is to (A: Climb, B: Kid, C: Mountain) as Goose is to (X: White, Y: Gosling, Z: Honk)",BY,CY,AY,CZ,BZ,A
VA_195,"Duck is to (A: Swim, B: Duckling, C: Quack) as Elephant is to (X: Trunk, Y: Calf, Z: Grey)",AZ,CZ,BY,CY,AY,C
VA_196,"Wool is to (A: Sheep, B: Coat, C: Jumper) as Leather is to (X: Cow, Y: Skin, Z: Shoe)",BZ,AZ,CY,CX,AX,E
VA_197,"Fast is to (A: Late, B: Slow, C: Quick) as Big is to (X: Tiny, Y: Large, Z: Small)",AZ,BY,CX,AX,CY,E
VA_198,"Happy is to (A: Sad, B: Angry, C: Joyful) as Small is to (X: Huge, Y: Tiny, Z: Big)",CX,AZ,CY,AX,BX,C
VA_199,"Monkey is to (A: Jump, B: Tree, C: Troop) as Wolf is to (X: Gang, Y: Pack, Z: Team)",CY,AY,BZ,BY,BX,A
VA_200,"Greece is to (A: Athens, B: Gods, C: Ancient) as Turkey is to (X: East, Y: Kebab, Z: Ankara)",AX,BY,AZ,AY,CY,C
VA_201,"Bird is to (A: Egg, B: Fly, C: Nest) as Spider is to (X: Legs, Y: Fly, Z: Web)",AY,CX,AZ,CZ,BY,D
VA_202,"Odometer is to (A: Speed, B: Car, C: Distance) as Ruler is to (X: Length, Y: Tail, Z: Ounces)",BX,AX,CX,CY,AZ,C
VA_203,"Loud is to (A: Calm, B: Noisy, C: Quiet) as Sad is to (X: Glad, Y: Unhappy, Z: Smile)",AY,AZ,AX,BX,BY,E
VA_204,"Bread is to (A: Eat, B: Toast, C: Wheat) as Milk is to (X: Drink, Y: Cow, Z: White)",AX,CY,BZ,AZ,CZ,B
VA_205,"Bear is to (A: Sleep, B: Winter, C: Den) as Horse is to (X: Ride, Y: Hay, Z: Stable)",BZ,BY,BX,CZ,AZ,D
VA_206,"Hard is to (A: Rock, B: Soft, C: Stone) as Top is to (X: Edge, Y: Bottom, Z: Side)",CZ,CY,CX,BX,BY,E
VA_207,"String is to (A: Guitar, B: Band, C: Play) as Finger is to (X: Ring, Y: Thumb, Z: Hand)",CZ,AZ,BX,BZ,CX,B
VA_208,"Pig is to (A: Sty, B: Oink, C: Mud) as Bee is to (X: Honey, Y: Buzz, Z: Hive)",AX,AZ,BY,CY,CX,B
VA_209,"Actor is to (A: Film, B: Stage, C: Theatre) as Farmer is to (X: Crop, Y: Farm, Z: Field)",BX,CY,CZ,BZ,AX,B
VA_210,"Portugal is to (A: Lisbon, B: Port, C: Sea) as France is to (X: Wine, Y: Europe, Z: Paris)",CX,BY,BX,AZ,BZ,D
VA_211,"Sweden is to (A: Ice, B: North, C: Stockholm) as Brazil is to (X: Football, Y: Brasilia, Z: Rain)",AY,CY,BZ,CX,AZ,B
VA_212,"In is to (A: On, B: Off, C: Out) as Deep is to (X: Shallow, Y: Sea, Z: Water)",AZ,CX,BZ,AY,BX,B
VA_213,"Doctor is to (A: Nurse, B: Sick, C: Hospital) as Farmer is to (X: Field, Y: Farm, Z: Crop)",CZ,BZ,CX,AZ,CY,E
VA_214,"Beaver is to (A: Dam, B: Lodge, C: River) as Spider is to (X: Legs, Y: Fly, Z: Web)",AY,BZ,AZ,BY,AX,B
VA_215,"Wasp is to (A: Nest, B: Sting, C: Yellow) as Bird is to (X: Fly, Y: Nest, Z: Egg)",CZ,BY,CX,BX,AY,E
VA_216,"Trundle Wheel is to (A: Roll, B: Distance, C: Long) as Altimeter is to (X: Height, Y: Plane, Z: Fly)",BY,CZ,BX,BZ,AZ,C
VA_217,"China is to (A: Rice, B: Wall, C: Beijing) as UK is to (X: London, Y: Queen, Z: Tea)",CZ,AZ,BY,BX,CX,E
VA_218,"Easy is to (A: Hard, B: Tough, C: Simple) as Happy is to (X: Sad, Y: Joyful, Z: Angry)",AX,CY,AZ,AY,BX,B
VA_219,"Boy is to (A: Girl, B: Man, C: Woman) as Heavy is to (X: Light, Y: Small, Z: Big)",BY,BX,AX,AY,BZ,C
VA_220,"Branch is to (A: Tree, B: Root, C: Wood) as Room is to (X: Wall, Y: Door, Z: House)",BX,CX,CY,AZ,BY,D
VA_221,"Chronometer is to (A: Time, B: Ship, C: Watch) as Compass is to (X: Direction, Y: Needle, Z: North)",AX,AY,BX,BZ,BY,A
VA_222,"Seismograph is to (A: Shake, B: Ground, C: Earthquake) as Sundial is to (X: Shadow, Y: Time, Z: Sun)",BX,AZ,CY,AY,BY,C
VA_223,"Dentist is to (A: Drill, B: Mouth, C: Teeth) as Lumberjack is to (X: Forest, Y: Tree, Z: Axe)",BX,AY,CY,BZ,AZ,E
VA_224,"Hard is to (A: Soft, B: Rock, C: Stone) as Up is to (X: Right, Y: Down, Z: Left)",BX,AZ,BY,AY,AX,D
VA_225,"Farmer is to (A: Farm, B: Field, C: Crop) as Chef is to (X: Food, Y: Kitchen, Z: Cook)",BY,CX,AX,AY,BX,D
VA_226,"Wrong is to (A: True, B: Right, C: Incorrect) as Help is to (X: Stop, Y: Assist, Z: Hinder)",CY,AZ,CZ,BX,AY,A
VA_227,"Butcher is to (A: Meat, B: Shop, C: Cleaver) as Astronomer is to (X: Star, Y: Space, Z: Telescope)",AX,AY,BY,CZ,BZ,D
VA_228,"Fox is to (A: Tail, B: Den, C: Vixen) as Grandfather is to (X: Age, Y: Grandmother, Z: Old)",AX,AY,CY,CZ,AZ,C
VA_229,"Horse is to (A: Stable, B: Ride, C: Hay) as Fish is to (X: Water, Y: Fin, Z: Swim)",CX,AY,BY,AX,CZ,D
VA_230,"Owl is to (A: Hoot, B: Night, C: Owlet) as Elephant is to (X: Trunk, Y: Grey, Z: Calf)",BX,CY,CZ,CX,BZ,C
VA_231,"Wet is to (A: Water, B: Rain, C: Dry) as Early is to (X: Late, Y: Time, Z: Clock)",BX,AZ,CX,BZ,BY,C
VA_232,"Duck is to (A: Duckling, B: Quack, C: Swim) as Goose is to (X: White, Y: Honk, Z: Gosling)",BX,BZ,CY,AZ,BY,D
VA_233,"Rabbit is to (A: Carrot, B: Bunny, C: Hop) as Horse is to (X: Ride, Y: Foal, Z: Stable)",AY,CY,CX,AZ,BY,E
VA_234,"Rain Gauge is to (A: Wet, B: Water, C: Rainfall) as Protractor is to (X: Degrees, Y: Turn, Z: Angle)",CY,AY,AX,CZ,CX,D
VA_235,"UK is to (A: Queen, B: Tea, C: London) as Canada is to (X: Leaf, Y: Ottawa, Z: Maple)",BZ,CY,CX,CZ,BX,B
VA_236,"Compass is to (A: North, B: Needle, C: Direction) as Chronometer is to (X: Ship, Y: Time, Z: Watch)",BZ,CZ,AZ,AY,CY,E
VA_237,"Top is to (A: Down, B: Up, C: Bottom) as Happy is to (X: Laugh, Y: Sad, Z: Smile)",BY,CY,AX,AY,BZ,B
VA_238,"Egypt is to (A: Cairo, B: Pyramid, C: Nile) as Japan is to (X: Tokyo, Y: Sushi, Z: Tech)",CY,AX,BY,AZ,BX,B
VA_239,"Bear is to (A: Winter, B: Den, C: Sleep) as Spider is to (X: Fly, Y: Web, Z: Legs)",BY,CZ,AY,AZ,AX,A
VA_240,"Owl is to (A: Hoot, B: Night, C: Owlet) as Bear is to (X: Cave, Y: Cub, Z: Honey)",CZ,BZ,CY,AY,CX,C
VA_241,"Portugal is to (A: Port, B: Sea, C: Lisbon) as Russia is to (X: Cold, Y: Snow, Z: Moscow)",AZ,BZ,BY,CZ,AX,D
VA_242,"USA is to (A: Dollar, B: Flag, C: Washington) as India is to (X: Hot, Y: Delhi, Z: Spicy)",BX,CZ,AY,CY,CX,D
VA_243,"Butcher is to (A: Shop, B: Cleaver, C: Meat) as Lumberjack is to (X: Axe, Y: Forest, Z: Tree)",BX,CY,BY,CX,BZ,A
VA_244,"Strong is to (A: Muscle, B: Weak, C: Power) as Full is to (X: Cup, Y: Drink, Z: Empty)",AY,CX,CZ,CY,BZ,E
VA_245,"Sweden is to (A: North, B: Ice, C: Stockholm) as UK is to (X: London, Y: Tea, Z: Queen)",CY,CX,BY,AY,CZ,B
VA_246,"Ruler is to (A: Ounces, B: Tail, C: Length) as Trundle Wheel is to (X: Roll, Y: Long, Z: Distance)",BZ,BY,CY,CZ,AY,D
VA_247,"Bee is to (A: Buzz, B: Hive, C: Honey) as Fish is to (X: Swim, Y: Fin, Z: Water)",AZ,CX,BZ,AX,BY,C
VA_248,"UK is to (A: Queen, B: London, C: Tea) as Egypt is to (X: Nile, Y: Pyramid, Z: Cairo)",CY,BZ,AY,AX,CX,B
VA_249,"Horse is to (A: Ride, B: Stable, C: Foal) as Lion is to (X: Mane, Y: Roar, Z: Cub)",AY,CY,BY,BX,CZ,E
VA_250,"Squirrel is to (A: Drey, B: Nut, C: Tree) as Cow is to (X: Milk, Y: Field, Z: Barn)",BZ,CY,AX,AZ,CZ,D
VA_251,"Hygrometer is to (A: Damp, B: Dry, C: Humidity) as Balance is to (X: Heavy, Y: Mass, Z: Stone)",BX,AY,CY,AX,CZ,C
VA_252,"Astronomer is to (A: Space, B: Star, C: Telescope) as Blacksmith is to (X: Iron, Y: Anvil, Z: Fire)",AX,AY,BY,CX,CY,E
VA_253,"Ireland is to (A: Island, B: Dublin, C: Green) as Germany is to (X: Cars, Y: Beer, Z: Berlin)",BY,CZ,BZ,CY,BX,C
VA_254,"Lion is to (A: Roar, B: Cub, C: Mane) as Eagle is to (X: Prey, Y: Eaglet, Z: Soar)",AX,CZ,BX,AZ,BY,E
VA_255,"Speedometer is to (A: Fast, B: Speed, C: Car) as Thermometer is to (X: Heat, Y: Mercury, Z: Temperature)",CY,BZ,AX,CX,CZ,B
VA_256,"Artist is to (A: Paint, B: Canvas, C: Brush) as Blacksmith is to (X: Iron, Y: Anvil, Z: Fire)",BY,CX,CY,AY,BX,C
VA_257,"Dog is to (A: Bark, B: Kennel, C: Bone) as Bat is to (X: Dark, Y: Night, Z: Cave)",BZ,CX,CZ,BX,AY,A
VA_258,"Australia is to (A: Canberra, B: Beach, C: Kangaroo) as Norway is to (X: Ship, Y: Oslo, Z: Fjord)",AX,CX,AY,AZ,BZ,C
VA_259,"Canada is to (A: Leaf, B: Ottawa, C: Maple) as UK is to (X: Tea, Y: London, Z: Queen)",CZ,BY,AX,AZ,BX,B
VA_260,"Goat is to (A: Kid, B: Mountain, C: Climb) as Lion is to (X: Cub, Y: Roar, Z: Mane)",CY,AX,BY,AZ,BX,B
VA_261,"Sweet is to (A: Sugar, B: Sour, C: Candy) as Happy is to (X: Laugh, Y: Sad, Z: Smile)",CZ,CY,BY,BZ,AX,C
VA_262,"Eagle is to (A: Prey, B: Eaglet, C: Soar) as Bear is to (X: Cave, Y: Honey, Z: Cub)",CY,BY,AY,BZ,CX,D
VA_263,"Hard is to (A: Difficult, B: Rock, C: Soft) as Sweet is to (X: Sour, Y: Sugar, Z: Candy)",AZ,CZ,CX,AY,AX,C
VA_264,"Turkey is to (A: East, B: Kebab, C: Ankara) as Ireland is to (X: Island, Y: Green, Z: Dublin)",AY,CZ,BY,CX,BZ,B
VA_265,"Sheep is to (A: Lamb, B: Ba, C: Wool) as Frog is to (X: Green, Y: Pond, Z: Tadpole)",AZ,AY,CX,CY,BX,A
VA_266,"Early is to (A: Clock, B: Late, C: Time) as Thick is to (X: Skinny, Y: Thin, Z: Fat)",BZ,BY,AX,CX,CY,B
VA_267,"Sheep is to (A: Ba, B: Wool, C: Lamb) as Elephant is to (X: Calf, Y: Grey, Z: Trunk)",CZ,BZ,AZ,AX,CX,E
VA_268,"Portugal is to (A: Lisbon, B: Sea, C: Port) as France is to (X: Paris, Y: Europe, Z: Wine)",CY,AX,AY,BZ,AZ,B
VA_269,"Thick is to (A: Fat, B: Skinny, C: Thin) as Start is to (X: Finish, Y: Begin, Z: End)",BY,CX,CY,AZ,AY,B
VA_270,"Blacksmith is to (A: Anvil, B: Iron, C: Fire) as Photographer is to (X: Photo, Y: Camera, Z: Lens)",AY,BY,CX,AZ,BX,A
VA_271,"Rain Gauge is to (A: Water, B: Rainfall, C: Wet) as Hygrometer is to (X: Dry, Y: Damp, Z: Humidity)",AZ,CY,BY,BZ,CX,D
VA_272,"Rough is to (A: Paper, B: Sand, C: Smooth) as Strong is to (X: Muscle, Y: Power, Z: Weak)",AY,AX,AZ,BX,CZ,E
VA_273,"Carpenter is to (A: Wood, B: Build, C: Saw) as Surgeon is to (X: Doctor, Y: Nurse, Z: Scalpel)",AX,CX,BY,CZ,BX,D
VA_274,"Odometer is to (A: Speed, B: Distance, C: Car) as Stopwatch is to (X: Fast, Y: Race, Z: Time)",AZ,BY,BZ,AX,CZ,C
VA_275,"Egypt is to (A: Nile, B: Pyramid, C: Cairo) as Germany is to (X: Beer, Y: Cars, Z: Berlin)",AX,BY,BZ,CY,CZ,E
VA_276,"Thermometer is to (A: Heat, B: Mercury, C: Temperature) as Hygrometer is to (X: Humidity, Y: Damp, Z: Dry)",AZ,CX,BX,BY,CZ,B
VA_277,"Ruler is to (A: Ounces, B: Tail, C: Length) as Compass is to (X: Needle, Y: North, Z: Direction)",BY,CZ,BZ,CY,CX,B
VA_278,"Greece is to (A: Athens, B: Ancient, C: Gods) as China is to (X: Rice, Y: Beijing, Z: Wall)",AY,CZ,BZ,BY,CY,A
VA_279,"Fox is to (A: Red, B: Earth, C: Tail) as Badger is to (X: Sett, Y: Black, Z: White)",CZ,AZ,BX,AY,AX,C
VA_280,"Young is to (A: Old, B: Age, C: Years) as Hot is to (X: Sun, Y: Cold, Z: Warm)",BZ,AY,AX,AZ,BX,B
VA_281,"Carpenter is to (A: Wood, B: Saw, C: Build) as Tailor is to (X: Cloth, Y: Sew, Z: Needle)",CY,BY,AY,CZ,BZ,E
VA_282,"Ruler is to (A: Length, B: Ounces, C: Tail) as Tape Measure is to (X: Builders, Y: Inches, Z: Length)",BX,BZ,AZ,AX,CX,C
VA_283,"Egypt is to (A: Nile, B: Pyramid, C: Cairo) as Norway is to (X: Fjord, Y: Oslo, Z: Ship)",BX,BY,CX,CY,BZ,D
VA_284,"Germany is to (A: Cars, B: Berlin, C: Beer) as Spain is to (X: Bull, Y: Madrid, Z: Sun)",AY,BY,CX,AZ,BZ,B
VA_285,"Thermometer is to (A: Temperature, B: Mercury, C: Heat) as Scales is to (X: Weight, Y: Fins, Z: Pounds)",AX,CY,BZ,AY,CZ,A
VA_286,"Writer is to (A: Pen, B: Read, C: Book) as Gardener is to (X: Soil, Y: Spade, Z: Plant)",AZ,BZ,BX,AY,CX,D
VA_287,"Sweet is to (A: Candy, B: Sour, C: Sugar) as Strong is to (X: Weak, Y: Power, Z: Muscle)",CX,BX,CZ,AX,AZ,B
VA_288,"Protractor is to (A: Angle, B: Degrees, C: Turn) as Compass is to (X: Needle, Y: Direction, Z: North)",AZ,BX,AY,BY,CY,C
VA_289,"Sundial is to (A: Shadow, B: Sun, C: Time) as Altimeter is to (X: Fly, Y: Height, Z: Plane)",AZ,AX,BX,CY,AY,D
VA_290,"Odometer is to (A: Distance, B: Speed, C: Car) as Scales is to (X: Fins, Y: Weight, Z: Pounds)",BY,CZ,AZ,CX,AY,E
VA_291,"Tape Measure is to (A: Builders, B: Length, C: Inches) as Balance is to (X: Stone, Y: Heavy, Z: Mass)",BX,BY,CZ,AY,BZ,E
VA_292,"Tape Measure is to (A: Builders, B: Length, C: Inches) as Ruler is to (X: Ounces, Y: Tail, Z: Length)",AZ,BX,AX,BZ,CZ,D
VA_293,"Barometer is to (A: Pressure, B: Rain, C: Air) as Altimeter is to (X: Height, Y: Fly, Z: Plane)",CZ,AZ,BY,BZ,AX,E
VA_294,"Germany is to (A: Berlin, B: Cars, C: Beer) as Egypt is to (X: Cairo, Y: Pyramid, Z: Nile)",CZ,AZ,CX,BX,AX,E
VA_295,"Barometer is to (A: Air, B: Rain, C: Pressure) as Trundle Wheel is to (X: Long, Y: Roll, Z: Distance)",CZ,BX,AX,BY,AY,A
VA_296,"Scales is to (A: Pounds, B: Weight, C: Fins) as Thermometer is to (X: Temperature, Y: Mercury, Z: Heat)",CZ,BX,AY,BZ,BY,B
VA_297,"Speedometer is to (A: Fast, B: Speed, C: Car) as Rain Gauge is to (X: Water, Y: Rainfall, Z: Wet)",BZ,CY,AZ,BY,AX,D
VA_298,"Owl is to (A: Owlet, B: Hoot, C: Night) as Cat is to (X: Fur, Y: Kitten, Z: Purr)",AY,AX,AZ,BZ,CZ,A
VA_299,"Chicken is to (A: Feather, B: Egg, C: Coop) as Wasp is to (X: Yellow, Y: Nest, Z: Sting)",CY,BX,CX,AZ,AY,A
VA_300,"Ruler is to (A: Tail, B: Length, C: Ounces) as Clock is to (X: Hands, Y: Time, Z: Face)",BY,CX,AX,AY,AZ,A
VA_301,"Fisherman is to (A: Boat, B: Sea, C: Net) as Gardener is to (X: Soil, Y: Plant, Z: Spade)",BX,BY,CZ,BZ,AX,C
VA_302,"Farmer is to (A: Plough, B: Crop, C: Field) as Butcher is to (X: Meat, Y: Cleaver, Z: Shop)",CY,BZ,CZ,AY,CX,D
VA_303,"Farmer is to (A: Field, B: Crop, C: Plough) as Teacher is to (X: School, Y: Learn, Z: Whiteboard)",AZ,BX,CZ,AY,BY,C
VA_304,"Thick is to (A: Fat, B: Thin, C: Skinny) as Full is to (X: Empty, Y: Drink, Z: Cup)",CX,AY,BX,BZ,CY,C
VA_305,"Lion is to (A: Cub, B: Mane, C: Roar) as Cow is to (X: Farm, Y: Calf, Z: Milk)",AZ,BY,BZ,AY,AX,D
VA_306,"Squirrel is to (A: Drey, B: Nut, C: Tree) as Termite is to (X: Mound, Y: Eat, Z: Wood)",AX,CY,CZ,AZ,BY,A
VA_307,"Fish is to (A: Swim, B: Water, C: Fin) as Lion is to (X: Roar, Y: Den, Z: King)",BZ,CX,BY,AZ,CY,C
VA_308,"Termite is to (A: Eat, B: Mound, C: Wood) as Cow is to (X: Barn, Y: Milk, Z: Field)",BY,CZ,CY,BX,AX,D
VA_309,"Odometer is to (A: Distance, B: Car, C: Speed) as Seismograph is to (X: Shake, Y: Earthquake, Z: Ground)",BZ,AX,AY,AZ,CY,C
VA_310,"Thick is to (A: Thin, B: Fat, C: Skinny) as Fast is to (X: Quick, Y: Run, Z: Slow)",CY,BZ,CZ,BX,AZ,E
VA_311,"Sheep is to (A: Wool, B: Lamb, C: Ba) as Horse is to (X: Foal, Y: Stable, Z: Ride)",BZ,AZ,BX,CY,BY,C
VA_312,"Fish is to (A: Water, B: Fin, C: Swim) as Horse is to (X: Hay, Y: Stable, Z: Ride)",AX,BX,CX,AY,BY,D
VA_313,"Rabbit is to (A: Carrot, B: Hop, C: Burrow) as Badger is to (X: Black, Y: White, Z: Sett)",BZ,AZ,CZ,AY,CY,C
VA_314,"Sharp is to (A: Blunt, B: Cut, C: Knife) as Early is to (X: Clock, Y: Time, Z: Late)",CY,AZ,CZ,CX,BZ,B
VA_315,"Wide is to (A: Big, B: Road, C: Narrow) as Rough is to (X: Sand, Y: Smooth, Z: Paper)",CZ,AY,BZ,BY,CY,E
VA_316,"Speedometer is to (A: Fast, B: Speed, C: Car) as Protractor is to (X: Degrees, Y: Angle, Z: Turn)",CY,BY,BX,AY,AX,B
VA_317,"Lion is to (A: King, B: Roar, C: Den) as Squirrel is to (X: Tree, Y: Drey, Z: Nut)",CY,AZ,AY,BY,BX,A
VA_318,"Rough is to (A: Sand, B: Paper, C: Smooth) as Happy is to (X: Laugh, Y: Smile, Z: Sad)",CZ,BZ,CX,AY,AX,A
VA_319,"Teacher is to (A: School, B: Learn, C: Whiteboard) as Chef is to (X: Knife, Y: Cook, Z: Food)",BZ,BY,AY,CX,CY,D
VA_320,"Photographer is to (A: Lens, B: Photo, C: Camera) as Carpenter is to (X: Saw, Y: Build, Z: Wood)",CZ,CX,CY,AZ,BX,B
VA_321,"Mechanic is to (A: Spanner, B: Car, C: Fix) as Carpenter is to (X: Saw, Y: Build, Z: Wood)",CZ,AY,AX,CY,BX,C
VA_322,"Rough is to (A: Smooth, B: Sand, C: Paper) as Top is to (X: Down, Y: Up, Z: Bottom)",BX,CY,AZ,AY,CX,C
VA_323,"Light is to (A: Sun, B: Lamp, C: Dark) as Hard is to (X: Rock, Y: Soft, Z: Difficult)",BY,CX,CZ,AZ,CY,E
VA_324,"Spain is to (A: Madrid, B: Sun, C: Bull) as Italy is to (X: Rome, Y: Pasta, Z: Pizza)",BZ,AX,CX,BY,CZ,B
VA_325,"Balance is to (A: Stone, B: Heavy, C: Mass) as Hygrometer is to (X: Humidity, Y: Dry, Z: Damp)",CZ,AZ,CX,AY,CY,C
VA_326,"Lumberjack is to (A: Axe, B: Tree, C: Forest) as Butcher is to (X: Meat, Y: Shop, Z: Cleaver)",AZ,BX,CX,CZ,BZ,A
VA_327,"Rough is to (A: Paper, B: Smooth, C: Sand) as High is to (X: Tall, Y: Low, Z: Sky)",CY,AY,BX,BY,BZ,D
VA_328,"Altimeter is to (A: Fly, B: Height, C: Plane) as Compass is to (X: North, Y: Direction, Z: Needle)",BY,CX,AY,AX,BZ,A
VA_329,"Ireland is to (A: Island, B: Dublin, C: Green) as Norway is to (X: Fjord, Y: Oslo, Z: Ship)",BY,CZ,CY,AY,AX,A
VA_330,"Cat is to (A: Kitten, B: Purr, C: Fur) as Frog is to (X: Tadpole, Y: Pond, Z: Green)",CX,CZ,BX,AZ,AX,E