id,question,OptionA,OptionB,OptionC,OptionD,OptionE,correct_answer,explanation,difficulty
1,(3 [15] 5)  (3 [30] 10)  (4 [?] 10),40,47,30,37,32,A,The rule is: multiply the two numbers. Check Example 1: (3 * 5) = 15. Check Example 2: (3 * 10) = 30. Apply to Question: (4 * 10) = 40.,1
2,(5 [50] 10)  (10 [50] 5)  (5 [?] 8),37,40,47,50,39,B,The rule is: multiply the two numbers. Check Example 1: (5 * 10) = 50. Check Example 2: (10 * 5) = 50. Apply to Question: (5 * 8) = 40.,1
3,(18 [12] 6)  (11 [6] 5)  (18 [?] 6),13,12,11,22,15,B,The rule is: find the difference between the numbers. Check Example 1: (18 - 6) = 12. Check Example 2: (11 - 5) = 6. Apply to Question: (18 - 6) = 12.,1
4,(2 [8] 6)  (5 [24] 19)  (12 [?] 20),37,33,34,28,32,E,The rule is: add the left and right numbers. Check Example 1: (2 + 6) = 8. Check Example 2: (5 + 19) = 24. Apply to Question: (12 + 20) = 32.,1
5,(5 [40] 8)  (9 [45] 5)  (7 [?] 6),43,44,32,35,42,E,The rule is: multiply the two numbers. Check Example 1: (5 * 8) = 40. Check Example 2: (9 * 5) = 45. Apply to Question: (7 * 6) = 42.,1
6,(7 [21] 3)  (4 [12] 3)  (4 [?] 9),36,35,34,38,46,A,The rule is: multiply the two numbers. Check Example 1: (7 * 3) = 21. Check Example 2: (4 * 3) = 12. Apply to Question: (4 * 9) = 36.,1
7,(18 [6] 24)  (6 [10] 16)  (9 [?] 19),10,11,12,9,8,A,The rule is: find the difference between the numbers. Check Example 1: (18 - 24) = 6. Check Example 2: (6 - 16) = 10. Apply to Question: (9 - 19) = 10.,1
8,(8 [32] 4)  (9 [45] 5)  (9 [?] 4),35,36,29,38,43,B,The rule is: multiply the two numbers. Check Example 1: (8 * 4) = 32. Check Example 2: (9 * 5) = 45. Apply to Question: (9 * 4) = 36.,1
9,(3 [5] 2)  (16 [28] 12)  (16 [?] 4),20,16,21,19,10,A,The rule is: add the left and right numbers. Check Example 1: (3 + 2) = 5. Check Example 2: (16 + 12) = 28. Apply to Question: (16 + 4) = 20.,1
10,(10 [22] 12)  (6 [8] 2)  (3 [?] 11),14,13,11,16,15,A,The rule is: add the left and right numbers. Check Example 1: (10 + 12) = 22. Check Example 2: (6 + 2) = 8. Apply to Question: (3 + 11) = 14.,1
11,(25 [4] 21)  (6 [7] 13)  (6 [?] 18),11,14,10,13,12,E,The rule is: find the difference between the numbers. Check Example 1: (25 - 21) = 4. Check Example 2: (6 - 13) = 7. Apply to Question: (6 - 18) = 12.,1
12,(6 [16] 22)  (5 [15] 20)  (10 [?] 7),3,4,6,5,13,A,The rule is: find the difference between the numbers. Check Example 1: (6 - 22) = 16. Check Example 2: (5 - 20) = 15. Apply to Question: (10 - 7) = 3.,1
13,(18 [3] 15)  (9 [10] 19)  (16 [?] 10),16,7,8,4,6,E,The rule is: find the difference between the numbers. Check Example 1: (18 - 15) = 3. Check Example 2: (9 - 19) = 10. Apply to Question: (16 - 10) = 6.,1
14,(8 [8] 16)  (16 [11] 5)  (25 [?] 12),16,15,13,11,12,C,The rule is: find the difference between the numbers. Check Example 1: (8 - 16) = 8. Check Example 2: (16 - 5) = 11. Apply to Question: (25 - 12) = 13.,1
15,(4 [21] 17)  (14 [21] 7)  (15 [?] 4),21,16,17,20,19,E,The rule is: add the left and right numbers. Check Example 1: (4 + 17) = 21. Check Example 2: (14 + 7) = 21. Apply to Question: (15 + 4) = 19.,1
16,(24 [16] 8)  (10 [15] 25)  (13 [?] 8),15,6,7,5,3,D,The rule is: find the difference between the numbers. Check Example 1: (24 - 8) = 16. Check Example 2: (10 - 25) = 15. Apply to Question: (13 - 8) = 5.,1
17,(16 [27] 11)  (12 [23] 11)  (9 [?] 7),15,26,16,18,14,C,The rule is: add the left and right numbers. Check Example 1: (16 + 11) = 27. Check Example 2: (12 + 11) = 23. Apply to Question: (9 + 7) = 16.,1
18,(4 [40] 10)  (5 [50] 10)  (6 [?] 8),48,43,58,53,40,A,The rule is: multiply the two numbers. Check Example 1: (4 * 10) = 40. Check Example 2: (5 * 10) = 50. Apply to Question: (6 * 8) = 48.,1
19,(4 [36] 9)  (3 [18] 6)  (3 [?] 10),40,24,33,30,25,D,The rule is: multiply the two numbers. Check Example 1: (4 * 9) = 36. Check Example 2: (3 * 6) = 18. Apply to Question: (3 * 10) = 30.,1
20,(6 [30] 5)  (2 [16] 8)  (9 [?] 8),61,66,74,72,62,D,The rule is: multiply the two numbers. Check Example 1: (6 * 5) = 30. Check Example 2: (2 * 8) = 16. Apply to Question: (9 * 8) = 72.,1
21,(6 [24] 4)  (4 [36] 9)  (4 [?] 3),13,12,14,9,10,B,The rule is: multiply the two numbers. Check Example 1: (6 * 4) = 24. Check Example 2: (4 * 9) = 36. Apply to Question: (4 * 3) = 12.,1
22,(13 [8] 5)  (5 [6] 11)  (23 [?] 15),18,8,7,6,11,B,The rule is: find the difference between the numbers. Check Example 1: (13 - 5) = 8. Check Example 2: (5 - 11) = 6. Apply to Question: (23 - 15) = 8.,1
23,(5 [50] 10)  (10 [40] 4)  (3 [?] 6),19,16,18,23,20,C,The rule is: multiply the two numbers. Check Example 1: (5 * 10) = 50. Check Example 2: (10 * 4) = 40. Apply to Question: (3 * 6) = 18.,1
24,(9 [25] 16)  (14 [21] 7)  (16 [?] 18),34,40,36,44,39,A,The rule is: add the left and right numbers. Check Example 1: (9 + 16) = 25. Check Example 2: (14 + 7) = 21. Apply to Question: (16 + 18) = 34.,1
25,(20 [3] 23)  (6 [16] 22)  (25 [?] 18),5,9,6,7,8,D,The rule is: find the difference between the numbers. Check Example 1: (20 - 23) = 3. Check Example 2: (6 - 22) = 16. Apply to Question: (25 - 18) = 7.,1
26,(12 [23] 11)  (6 [15] 9)  (8 [?] 20),33,26,27,28,38,D,The rule is: add the left and right numbers. Check Example 1: (12 + 11) = 23. Check Example 2: (6 + 9) = 15. Apply to Question: (8 + 20) = 28.,1
27,(7 [63] 9)  (3 [21] 7)  (3 [?] 2),6,4,7,16,5,A,The rule is: multiply the two numbers. Check Example 1: (7 * 9) = 63. Check Example 2: (3 * 7) = 21. Apply to Question: (3 * 2) = 6.,1
28,(2 [18] 16)  (15 [20] 5)  (10 [?] 2),11,13,2,10,12,E,The rule is: add the left and right numbers. Check Example 1: (2 + 16) = 18. Check Example 2: (15 + 5) = 20. Apply to Question: (10 + 2) = 12.,1
29,(19 [2] 17)  (10 [5] 5)  (13 [?] 15),2,5,3,4,7,A,The rule is: find the difference between the numbers. Check Example 1: (19 - 17) = 2. Check Example 2: (10 - 5) = 5. Apply to Question: (13 - 15) = 2.,1
30,(9 [16] 7)  (15 [22] 7)  (9 [?] 7),18,21,19,15,16,E,The rule is: add the left and right numbers. Check Example 1: (9 + 7) = 16. Check Example 2: (15 + 7) = 22. Apply to Question: (9 + 7) = 16.,1
31,(9 [63] 7)  (2 [16] 8)  (5 [?] 10),50,52,51,40,54,A,The rule is: multiply the two numbers. Check Example 1: (9 * 7) = 63. Check Example 2: (2 * 8) = 16. Apply to Question: (5 * 10) = 50.,1
32,(16 [4] 12)  (7 [12] 19)  (17 [?] 16),6,1,2,3,4,B,The rule is: find the difference between the numbers. Check Example 1: (16 - 12) = 4. Check Example 2: (7 - 19) = 12. Apply to Question: (17 - 16) = 1.,1
33,(20 [30] 10)  (2 [15] 13)  (17 [?] 5),22,27,20,26,23,A,The rule is: add the left and right numbers. Check Example 1: (20 + 10) = 30. Check Example 2: (2 + 13) = 15. Apply to Question: (17 + 5) = 22.,1
34,(5 [12] 17)  (13 [8] 21)  (5 [?] 13),5,8,6,18,13,B,The rule is: find the difference between the numbers. Check Example 1: (5 - 17) = 12. Check Example 2: (13 - 21) = 8. Apply to Question: (5 - 13) = 8.,1
35,(9 [25] 16)  (14 [30] 16)  (14 [?] 4),18,16,17,21,15,A,The rule is: add the left and right numbers. Check Example 1: (9 + 16) = 25. Check Example 2: (14 + 16) = 30. Apply to Question: (14 + 4) = 18.,1
36,(3 [15] 12)  (12 [23] 11)  (13 [?] 20),31,43,33,38,23,C,The rule is: add the left and right numbers. Check Example 1: (3 + 12) = 15. Check Example 2: (12 + 11) = 23. Apply to Question: (13 + 20) = 33.,1
37,(3 [12] 9)  (9 [11] 2)  (15 [?] 16),29,32,36,30,31,E,The rule is: add the left and right numbers. Check Example 1: (3 + 9) = 12. Check Example 2: (9 + 2) = 11. Apply to Question: (15 + 16) = 31.,1
38,(4 [24] 6)  (7 [56] 8)  (3 [?] 10),32,40,29,33,30,E,The rule is: multiply the two numbers. Check Example 1: (4 * 6) = 24. Check Example 2: (7 * 8) = 56. Apply to Question: (3 * 10) = 30.,1
39,(5 [50] 10)  (4 [8] 2)  (4 [?] 10),41,35,40,34,45,C,The rule is: multiply the two numbers. Check Example 1: (5 * 10) = 50. Check Example 2: (4 * 2) = 8. Apply to Question: (4 * 10) = 40.,1
40,(10 [10] 20)  (18 [7] 11)  (24 [?] 6),28,20,8,23,18,E,The rule is: find the difference between the numbers. Check Example 1: (10 - 20) = 10. Check Example 2: (18 - 11) = 7. Apply to Question: (24 - 6) = 18.,1
41,(8 [72] 9)  (8 [56] 7)  (6 [?] 8),50,46,58,55,48,E,The rule is: multiply the two numbers. Check Example 1: (8 * 9) = 72. Check Example 2: (8 * 7) = 56. Apply to Question: (6 * 8) = 48.,1
42,(14 [2] 16)  (17 [8] 9)  (17 [?] 10),9,6,8,17,7,E,The rule is: find the difference between the numbers. Check Example 1: (14 - 16) = 2. Check Example 2: (17 - 9) = 8. Apply to Question: (17 - 10) = 7.,1
43,(17 [9] 8)  (13 [7] 20)  (15 [?] 22),9,6,8,4,7,E,The rule is: find the difference between the numbers. Check Example 1: (17 - 8) = 9. Check Example 2: (13 - 20) = 7. Apply to Question: (15 - 22) = 7.,1
44,(8 [1] 7)  (17 [12] 5)  (24 [?] 21),3,2,4,6,1,A,The rule is: find the difference between the numbers. Check Example 1: (8 - 7) = 1. Check Example 2: (17 - 5) = 12. Apply to Question: (24 - 21) = 3.,1
45,(10 [13] 23)  (13 [1] 12)  (7 [?] 22),18,15,13,25,16,B,The rule is: find the difference between the numbers. Check Example 1: (10 - 23) = 13. Check Example 2: (13 - 12) = 1. Apply to Question: (7 - 22) = 15.,1
46,(13 [2] 11)  (15 [1] 16)  (18 [?] 16),7,12,4,2,3,D,The rule is: find the difference between the numbers. Check Example 1: (13 - 11) = 2. Check Example 2: (15 - 16) = 1. Apply to Question: (18 - 16) = 2.,1
47,(9 [90] 10)  (4 [32] 8)  (4 [?] 3),12,22,14,15,2,A,The rule is: multiply the two numbers. Check Example 1: (9 * 10) = 90. Check Example 2: (4 * 8) = 32. Apply to Question: (4 * 3) = 12.,1
48,(6 [11] 5)  (19 [35] 16)  (14 [?] 3),17,18,19,15,7,A,The rule is: add the left and right numbers. Check Example 1: (6 + 5) = 11. Check Example 2: (19 + 16) = 35. Apply to Question: (14 + 3) = 17.,1
49,(15 [4] 19)  (18 [2] 16)  (21 [?] 11),10,15,12,9,8,A,The rule is: find the difference between the numbers. Check Example 1: (15 - 19) = 4. Check Example 2: (18 - 16) = 2. Apply to Question: (21 - 11) = 10.,1
50,(7 [18] 11)  (17 [26] 9)  (15 [?] 4),22,19,17,18,21,B,The rule is: add the left and right numbers. Check Example 1: (7 + 11) = 18. Check Example 2: (17 + 9) = 26. Apply to Question: (15 + 4) = 19.,1
51,(9 [45] 5)  (9 [54] 6)  (8 [?] 7),56,57,66,58,60,A,The rule is: multiply the two numbers. Check Example 1: (9 * 5) = 45. Check Example 2: (9 * 6) = 54. Apply to Question: (8 * 7) = 56.,1
52,(8 [13] 5)  (11 [26] 15)  (3 [?] 13),14,16,17,18,21,B,The rule is: add the left and right numbers. Check Example 1: (8 + 5) = 13. Check Example 2: (11 + 15) = 26. Apply to Question: (3 + 13) = 16.,1
53,(6 [18] 3)  (3 [21] 7)  (7 [?] 5),25,40,32,35,37,D,The rule is: multiply the two numbers. Check Example 1: (6 * 3) = 18. Check Example 2: (3 * 7) = 21. Apply to Question: (7 * 5) = 35.,1
54,(5 [13] 8)  (18 [33] 15)  (2 [?] 11),13,23,15,11,14,A,The rule is: add the left and right numbers. Check Example 1: (5 + 8) = 13. Check Example 2: (18 + 15) = 33. Apply to Question: (2 + 11) = 13.,1
55,(7 [25] 18)  (7 [21] 14)  (12 [?] 6),19,18,23,16,15,B,The rule is: add the left and right numbers. Check Example 1: (7 + 18) = 25. Check Example 2: (7 + 14) = 21. Apply to Question: (12 + 6) = 18.,1
56,(13 [30] 17)  (7 [19] 12)  (8 [?] 5),14,12,13,11,23,C,The rule is: add the left and right numbers. Check Example 1: (13 + 17) = 30. Check Example 2: (7 + 12) = 19. Apply to Question: (8 + 5) = 13.,1
57,(10 [30] 20)  (6 [20] 14)  (9 [?] 17),36,24,26,27,28,C,The rule is: add the left and right numbers. Check Example 1: (10 + 20) = 30. Check Example 2: (6 + 14) = 20. Apply to Question: (9 + 17) = 26.,1
58,(15 [21] 6)  (19 [35] 16)  (9 [?] 12),22,21,31,20,17,B,The rule is: add the left and right numbers. Check Example 1: (15 + 6) = 21. Check Example 2: (19 + 16) = 35. Apply to Question: (9 + 12) = 21.,1
59,(14 [6] 8)  (17 [4] 21)  (14 [?] 23),8,11,7,12,9,E,The rule is: find the difference between the numbers. Check Example 1: (14 - 8) = 6. Check Example 2: (17 - 21) = 4. Apply to Question: (14 - 23) = 9.,1
60,(15 [10] 25)  (6 [5] 11)  (22 [?] 17),6,3,2,5,4,D,The rule is: find the difference between the numbers. Check Example 1: (15 - 25) = 10. Check Example 2: (6 - 11) = 5. Apply to Question: (22 - 17) = 5.,1
61,(17 [3] 20)  (25 [10] 15)  (14 [?] 6),9,11,8,7,10,C,The rule is: find the difference between the numbers. Check Example 1: (17 - 20) = 3. Check Example 2: (25 - 15) = 10. Apply to Question: (14 - 6) = 8.,1
62,(7 [63] 9)  (6 [60] 10)  (9 [?] 4),34,36,39,29,46,B,The rule is: multiply the two numbers. Check Example 1: (7 * 9) = 63. Check Example 2: (6 * 10) = 60. Apply to Question: (9 * 4) = 36.,1
63,(9 [27] 18)  (5 [22] 17)  (8 [?] 4),2,17,12,9,11,C,The rule is: add the left and right numbers. Check Example 1: (9 + 18) = 27. Check Example 2: (5 + 17) = 22. Apply to Question: (8 + 4) = 12.,1
64,(13 [15] 2)  (17 [25] 8)  (11 [?] 14),15,22,27,25,26,D,The rule is: add the left and right numbers. Check Example 1: (13 + 2) = 15. Check Example 2: (17 + 8) = 25. Apply to Question: (11 + 14) = 25.,1
65,(25 [18] 7)  (22 [1] 23)  (18 [?] 13),8,5,7,10,15,B,The rule is: find the difference between the numbers. Check Example 1: (25 - 7) = 18. Check Example 2: (22 - 23) = 1. Apply to Question: (18 - 13) = 5.,1
66,(10 [90] 9)  (8 [40] 5)  (4 [?] 10),42,38,40,30,41,C,The rule is: multiply the two numbers. Check Example 1: (10 * 9) = 90. Check Example 2: (8 * 5) = 40. Apply to Question: (4 * 10) = 40.,1
67,(6 [48] 8)  (2 [20] 10)  (9 [?] 4),38,35,42,34,36,E,The rule is: multiply the two numbers. Check Example 1: (6 * 8) = 48. Check Example 2: (2 * 10) = 20. Apply to Question: (9 * 4) = 36.,1
68,(20 [12] 8)  (7 [9] 16)  (9 [?] 7),7,3,2,4,5,C,The rule is: find the difference between the numbers. Check Example 1: (20 - 8) = 12. Check Example 2: (7 - 16) = 9. Apply to Question: (9 - 7) = 2.,1
69,(5 [50] 10)  (7 [42] 6)  (8 [?] 4),34,26,32,38,35,C,The rule is: multiply the two numbers. Check Example 1: (5 * 10) = 50. Check Example 2: (7 * 6) = 42. Apply to Question: (8 * 4) = 32.,1
70,(25 [8] 17)  (25 [11] 14)  (13 [?] 18),4,8,5,3,10,C,The rule is: find the difference between the numbers. Check Example 1: (25 - 17) = 8. Check Example 2: (25 - 14) = 11. Apply to Question: (13 - 18) = 5.,1
71,(8 [16] 24)  (18 [4] 22)  (23 [?] 15),7,10,13,8,6,D,The rule is: find the difference between the numbers. Check Example 1: (8 - 24) = 16. Check Example 2: (18 - 22) = 4. Apply to Question: (23 - 15) = 8.,1
72,(14 [2] 16)  (23 [9] 14)  (14 [?] 15),2,4,6,1,3,D,The rule is: find the difference between the numbers. Check Example 1: (14 - 16) = 2. Check Example 2: (23 - 14) = 9. Apply to Question: (14 - 15) = 1.,1
73,(6 [48] 8)  (5 [45] 9)  (6 [?] 9),54,60,44,52,56,A,The rule is: multiply the two numbers. Check Example 1: (6 * 8) = 48. Check Example 2: (5 * 9) = 45. Apply to Question: (6 * 9) = 54.,1
74,(13 [23] 10)  (17 [37] 20)  (8 [?] 3),9,11,10,21,12,B,The rule is: add the left and right numbers. Check Example 1: (13 + 10) = 23. Check Example 2: (17 + 20) = 37. Apply to Question: (8 + 3) = 11.,1
75,(15 [25] 10)  (6 [9] 3)  (6 [?] 16),24,12,22,23,32,C,The rule is: add the left and right numbers. Check Example 1: (15 + 10) = 25. Check Example 2: (6 + 3) = 9. Apply to Question: (6 + 16) = 22.,1
76,(13 [3] 16)  (12 [3] 15)  (14 [?] 21),6,7,9,8,17,B,The rule is: find the difference between the numbers. Check Example 1: (13 - 16) = 3. Check Example 2: (12 - 15) = 3. Apply to Question: (14 - 21) = 7.,1
77,(14 [1] 15)  (21 [12] 9)  (8 [?] 7),3,6,1,11,4,C,The rule is: find the difference between the numbers. Check Example 1: (14 - 15) = 1. Check Example 2: (21 - 9) = 12. Apply to Question: (8 - 7) = 1.,1
78,(18 [29] 11)  (8 [18] 10)  (5 [?] 4),14,9,7,10,8,B,The rule is: add the left and right numbers. Check Example 1: (18 + 11) = 29. Check Example 2: (8 + 10) = 18. Apply to Question: (5 + 4) = 9.,1
79,(16 [8] 24)  (8 [1] 9)  (16 [?] 8),8,10,7,9,5,A,The rule is: find the difference between the numbers. Check Example 1: (16 - 24) = 8. Check Example 2: (8 - 9) = 1. Apply to Question: (16 - 8) = 8.,1
80,(3 [11] 8)  (14 [17] 3)  (6 [?] 2),13,7,18,8,6,D,The rule is: add the left and right numbers. Check Example 1: (3 + 8) = 11. Check Example 2: (14 + 3) = 17. Apply to Question: (6 + 2) = 8.,1
81,(3 [22] 19)  (19 [25] 6)  (12 [?] 20),38,32,26,22,33,B,The rule is: add the left and right numbers. Check Example 1: (3 + 19) = 22. Check Example 2: (19 + 6) = 25. Apply to Question: (12 + 20) = 32.,1
82,(4 [28] 7)  (9 [90] 10)  (10 [?] 9),100,77,90,91,88,C,The rule is: multiply the two numbers. Check Example 1: (4 * 7) = 28. Check Example 2: (9 * 10) = 90. Apply to Question: (10 * 9) = 90.,1
83,(20 [30] 10)  (6 [24] 18)  (18 [?] 19),37,39,36,42,47,A,The rule is: add the left and right numbers. Check Example 1: (20 + 10) = 30. Check Example 2: (6 + 18) = 24. Apply to Question: (18 + 19) = 37.,1
84,(9 [45] 5)  (10 [80] 8)  (5 [?] 4),22,21,20,16,24,C,The rule is: multiply the two numbers. Check Example 1: (9 * 5) = 45. Check Example 2: (10 * 8) = 80. Apply to Question: (5 * 4) = 20.,1
85,(5 [9] 14)  (20 [2] 22)  (17 [?] 19),5,3,2,12,1,C,The rule is: find the difference between the numbers. Check Example 1: (5 - 14) = 9. Check Example 2: (20 - 22) = 2. Apply to Question: (17 - 19) = 2.,1
86,(25 [1] 24)  (24 [15] 9)  (20 [?] 9),1,14,11,13,16,C,The rule is: find the difference between the numbers. Check Example 1: (25 - 24) = 1. Check Example 2: (24 - 9) = 15. Apply to Question: (20 - 9) = 11.,1
87,(17 [2] 19)  (25 [12] 13)  (7 [?] 11),14,9,4,3,6,C,The rule is: find the difference between the numbers. Check Example 1: (17 - 19) = 2. Check Example 2: (25 - 13) = 12. Apply to Question: (7 - 11) = 4.,1
88,(9 [19] 10)  (14 [22] 8)  (10 [?] 8),16,15,8,18,28,D,The rule is: add the left and right numbers. Check Example 1: (9 + 10) = 19. Check Example 2: (14 + 8) = 22. Apply to Question: (10 + 8) = 18.,1
89,(11 [2] 13)  (5 [13] 18)  (22 [?] 25),5,3,13,1,2,B,The rule is: find the difference between the numbers. Check Example 1: (11 - 13) = 2. Check Example 2: (5 - 18) = 13. Apply to Question: (22 - 25) = 3.,1
90,(9 [6] 15)  (15 [5] 10)  (8 [?] 19),10,13,12,11,8,D,The rule is: find the difference between the numbers. Check Example 1: (9 - 15) = 6. Check Example 2: (15 - 10) = 5. Apply to Question: (8 - 19) = 11.,1
91,(15 [8] 7)  (24 [13] 11)  (14 [?] 21),7,10,8,6,9,A,The rule is: find the difference between the numbers. Check Example 1: (15 - 7) = 8. Check Example 2: (24 - 11) = 13. Apply to Question: (14 - 21) = 7.,1
92,(20 [31] 11)  (17 [24] 7)  (10 [?] 14),23,27,25,24,34,D,The rule is: add the left and right numbers. Check Example 1: (20 + 11) = 31. Check Example 2: (17 + 7) = 24. Apply to Question: (10 + 14) = 24.,1
93,(2 [16] 8)  (7 [70] 10)  (7 [?] 6),40,42,41,44,50,B,The rule is: multiply the two numbers. Check Example 1: (2 * 8) = 16. Check Example 2: (7 * 10) = 70. Apply to Question: (7 * 6) = 42.,1
94,(19 [29] 10)  (6 [21] 15)  (12 [?] 11),22,23,33,21,24,B,The rule is: add the left and right numbers. Check Example 1: (19 + 10) = 29. Check Example 2: (6 + 15) = 21. Apply to Question: (12 + 11) = 23.,1
95,(6 [11] 17)  (7 [8] 15)  (13 [?] 24),9,16,8,14,11,E,The rule is: find the difference between the numbers. Check Example 1: (6 - 17) = 11. Check Example 2: (7 - 15) = 8. Apply to Question: (13 - 24) = 11.,1
96,(6 [13] 19)  (24 [18] 6)  (16 [?] 17),3,6,4,1,2,D,The rule is: find the difference between the numbers. Check Example 1: (6 - 19) = 13. Check Example 2: (24 - 6) = 18. Apply to Question: (16 - 17) = 1.,1
97,(13 [24] 11)  (7 [26] 19)  (17 [?] 13),40,35,30,28,33,C,The rule is: add the left and right numbers. Check Example 1: (13 + 11) = 24. Check Example 2: (7 + 19) = 26. Apply to Question: (17 + 13) = 30.,1
98,(5 [10] 2)  (2 [16] 8)  (10 [?] 4),30,40,42,41,36,B,The rule is: multiply the two numbers. Check Example 1: (5 * 2) = 10. Check Example 2: (2 * 8) = 16. Apply to Question: (10 * 4) = 40.,1
99,(22 [1] 21)  (21 [13] 8)  (9 [?] 8),2,3,11,4,1,E,The rule is: find the difference between the numbers. Check Example 1: (22 - 21) = 1. Check Example 2: (21 - 8) = 13. Apply to Question: (9 - 8) = 1.,1
100,(19 [37] 18)  (19 [35] 16)  (16 [?] 18),39,40,36,38,34,E,The rule is: add the left and right numbers. Check Example 1: (19 + 18) = 37. Check Example 2: (19 + 16) = 35. Apply to Question: (16 + 18) = 34.,1
101,(20 [6] 14)  (13 [6] 7)  (9 [?] 20),13,1,8,9,11,E,The rule is: find the difference between the numbers. Check Example 1: (20 - 14) = 6. Check Example 2: (13 - 7) = 6. Apply to Question: (9 - 20) = 11.,1
102,(10 [40] 4)  (9 [72] 8)  (5 [?] 8),42,30,34,40,45,D,The rule is: multiply the two numbers. Check Example 1: (10 * 4) = 40. Check Example 2: (9 * 8) = 72. Apply to Question: (5 * 8) = 40.,1
103,(17 [1] 18)  (5 [1] 6)  (24 [?] 13),10,9,1,11,12,D,The rule is: find the difference between the numbers. Check Example 1: (17 - 18) = 1. Check Example 2: (5 - 6) = 1. Apply to Question: (24 - 13) = 11.,1
104,(12 [28] 16)  (2 [5] 3)  (8 [?] 3),12,8,10,11,16,D,The rule is: add the left and right numbers. Check Example 1: (12 + 16) = 28. Check Example 2: (2 + 3) = 5. Apply to Question: (8 + 3) = 11.,1
105,(2 [9] 7)  (12 [30] 18)  (6 [?] 10),14,16,18,26,21,B,The rule is: add the left and right numbers. Check Example 1: (2 + 7) = 9. Check Example 2: (12 + 18) = 30. Apply to Question: (6 + 10) = 16.,1
106,(18 [9] 9)  (9 [4] 5)  (7 [?] 11),14,4,2,1,6,B,The rule is: find the difference between the numbers. Check Example 1: (18 - 9) = 9. Check Example 2: (9 - 5) = 4. Apply to Question: (7 - 11) = 4.,1
107,(17 [2] 19)  (8 [12] 20)  (12 [?] 6),16,6,3,9,5,B,The rule is: find the difference between the numbers. Check Example 1: (17 - 19) = 2. Check Example 2: (8 - 20) = 12. Apply to Question: (12 - 6) = 6.,1
108,(14 [10] 24)  (25 [12] 13)  (9 [?] 18),8,11,7,9,12,D,The rule is: find the difference between the numbers. Check Example 1: (14 - 24) = 10. Check Example 2: (25 - 13) = 12. Apply to Question: (9 - 18) = 9.,1
109,(8 [48] 6)  (6 [60] 10)  (6 [?] 4),24,23,26,22,25,A,The rule is: multiply the two numbers. Check Example 1: (8 * 6) = 48. Check Example 2: (6 * 10) = 60. Apply to Question: (6 * 4) = 24.,1
110,(20 [37] 17)  (18 [32] 14)  (8 [?] 19),17,30,26,24,27,E,The rule is: add the left and right numbers. Check Example 1: (20 + 17) = 37. Check Example 2: (18 + 14) = 32. Apply to Question: (8 + 19) = 27.,1
111,(17 [22] 5)  (11 [16] 5)  (12 [?] 19),32,31,33,36,29,B,The rule is: add the left and right numbers. Check Example 1: (17 + 5) = 22. Check Example 2: (11 + 5) = 16. Apply to Question: (12 + 19) = 31.,1
112,(21 [15] 6)  (12 [7] 19)  (23 [?] 13),10,9,7,15,12,A,The rule is: find the difference between the numbers. Check Example 1: (21 - 6) = 15. Check Example 2: (12 - 19) = 7. Apply to Question: (23 - 13) = 10.,1
113,(2 [13] 11)  (15 [31] 16)  (20 [?] 4),29,21,22,24,25,D,The rule is: add the left and right numbers. Check Example 1: (2 + 11) = 13. Check Example 2: (15 + 16) = 31. Apply to Question: (20 + 4) = 24.,1
114,(20 [25] 5)  (5 [22] 17)  (7 [?] 18),26,30,22,25,23,D,The rule is: add the left and right numbers. Check Example 1: (20 + 5) = 25. Check Example 2: (5 + 17) = 22. Apply to Question: (7 + 18) = 25.,1
115,(3 [18] 6)  (6 [60] 10)  (3 [?] 2),5,11,9,8,6,E,The rule is: multiply the two numbers. Check Example 1: (3 * 6) = 18. Check Example 2: (6 * 10) = 60. Apply to Question: (3 * 2) = 6.,1
116,(19 [13] 6)  (8 [12] 20)  (9 [?] 17),7,13,6,8,18,D,The rule is: find the difference between the numbers. Check Example 1: (19 - 6) = 13. Check Example 2: (8 - 20) = 12. Apply to Question: (9 - 17) = 8.,1
117,(16 [28] 12)  (7 [15] 8)  (7 [?] 9),16,14,18,17,15,A,The rule is: add the left and right numbers. Check Example 1: (16 + 12) = 28. Check Example 2: (7 + 8) = 15. Apply to Question: (7 + 9) = 16.,1
118,(14 [29] 15)  (4 [19] 15)  (13 [?] 19),22,33,27,30,32,E,The rule is: add the left and right numbers. Check Example 1: (14 + 15) = 29. Check Example 2: (4 + 15) = 19. Apply to Question: (13 + 19) = 32.,1
119,(9 [63] 7)  (4 [36] 9)  (3 [?] 2),7,11,6,8,4,C,The rule is: multiply the two numbers. Check Example 1: (9 * 7) = 63. Check Example 2: (4 * 9) = 36. Apply to Question: (3 * 2) = 6.,1
120,(10 [4] 14)  (16 [2] 18)  (17 [?] 23),6,4,5,16,3,A,The rule is: find the difference between the numbers. Check Example 1: (10 - 14) = 4. Check Example 2: (16 - 18) = 2. Apply to Question: (17 - 23) = 6.,1
121,(3 [21] 18)  (10 [12] 2)  (19 [?] 8),22,28,27,29,17,C,The rule is: add the left and right numbers. Check Example 1: (3 + 18) = 21. Check Example 2: (10 + 2) = 12. Apply to Question: (19 + 8) = 27.,1
122,(6 [11] 17)  (10 [8] 18)  (11 [?] 15),1,4,6,3,2,B,The rule is: find the difference between the numbers. Check Example 1: (6 - 17) = 11. Check Example 2: (10 - 18) = 8. Apply to Question: (11 - 15) = 4.,1
123,(3 [18] 6)  (7 [63] 9)  (7 [?] 10),81,70,64,68,80,B,The rule is: multiply the two numbers. Check Example 1: (3 * 6) = 18. Check Example 2: (7 * 9) = 63. Apply to Question: (7 * 10) = 70.,1
124,(17 [7] 24)  (22 [7] 15)  (6 [?] 15),7,6,9,19,10,C,The rule is: find the difference between the numbers. Check Example 1: (17 - 24) = 7. Check Example 2: (22 - 15) = 7. Apply to Question: (6 - 15) = 9.,1
125,(8 [16] 2)  (10 [40] 4)  (5 [?] 9),50,37,45,44,43,C,The rule is: multiply the two numbers. Check Example 1: (8 * 2) = 16. Check Example 2: (10 * 4) = 40. Apply to Question: (5 * 9) = 45.,1
126,(6 [48] 8)  (4 [8] 2)  (8 [?] 4),33,36,32,34,22,C,The rule is: multiply the two numbers. Check Example 1: (6 * 8) = 48. Check Example 2: (4 * 2) = 8. Apply to Question: (8 * 4) = 32.,1
127,(4 [15] 11)  (6 [10] 4)  (19 [?] 9),29,28,26,32,33,B,The rule is: add the left and right numbers. Check Example 1: (4 + 11) = 15. Check Example 2: (6 + 4) = 10. Apply to Question: (19 + 9) = 28.,1
128,(3 [24] 8)  (3 [30] 10)  (7 [?] 8),56,61,55,66,52,A,The rule is: multiply the two numbers. Check Example 1: (3 * 8) = 24. Check Example 2: (3 * 10) = 30. Apply to Question: (7 * 8) = 56.,1
129,(7 [42] 6)  (5 [20] 4)  (3 [?] 4),12,11,9,22,15,A,The rule is: multiply the two numbers. Check Example 1: (7 * 6) = 42. Check Example 2: (5 * 4) = 20. Apply to Question: (3 * 4) = 12.,1
130,(7 [28] 4)  (10 [90] 9)  (9 [?] 3),31,28,17,27,30,D,The rule is: multiply the two numbers. Check Example 1: (7 * 4) = 28. Check Example 2: (10 * 9) = 90. Apply to Question: (9 * 3) = 27.,1
131,(8 [24] 3)  (4 [28] 7)  (3 [?] 7),18,20,19,23,21,E,The rule is: multiply the two numbers. Check Example 1: (8 * 3) = 24. Check Example 2: (4 * 7) = 28. Apply to Question: (3 * 7) = 21.,1
132,(2 [19] 17)  (7 [25] 18)  (20 [?] 9),39,27,29,31,28,C,The rule is: add the left and right numbers. Check Example 1: (2 + 17) = 19. Check Example 2: (7 + 18) = 25. Apply to Question: (20 + 9) = 29.,1
133,(2 [17] 15)  (17 [21] 4)  (11 [?] 2),13,10,15,14,11,A,The rule is: add the left and right numbers. Check Example 1: (2 + 15) = 17. Check Example 2: (17 + 4) = 21. Apply to Question: (11 + 2) = 13.,1
134,(10 [28] 18)  (19 [35] 16)  (8 [?] 5),14,12,10,15,13,E,The rule is: add the left and right numbers. Check Example 1: (10 + 18) = 28. Check Example 2: (19 + 16) = 35. Apply to Question: (8 + 5) = 13.,1
135,(8 [9] 17)  (11 [5] 6)  (9 [?] 24),14,15,17,12,16,B,The rule is: find the difference between the numbers. Check Example 1: (8 - 17) = 9. Check Example 2: (11 - 6) = 5. Apply to Question: (9 - 24) = 15.,1
136,(6 [1] 7)  (20 [2] 18)  (19 [?] 17),1,3,5,12,2,E,The rule is: find the difference between the numbers. Check Example 1: (6 - 7) = 1. Check Example 2: (20 - 18) = 2. Apply to Question: (19 - 17) = 2.,1
137,(8 [40] 5)  (5 [10] 2)  (2 [?] 3),5,9,16,11,6,E,The rule is: multiply the two numbers. Check Example 1: (8 * 5) = 40. Check Example 2: (5 * 2) = 10. Apply to Question: (2 * 3) = 6.,1
138,(4 [8] 2)  (7 [35] 5)  (6 [?] 8),45,38,48,50,39,C,The rule is: multiply the two numbers. Check Example 1: (4 * 2) = 8. Check Example 2: (7 * 5) = 35. Apply to Question: (6 * 8) = 48.,1
139,(13 [4] 9)  (18 [11] 7)  (14 [?] 19),10,4,5,6,8,C,The rule is: find the difference between the numbers. Check Example 1: (13 - 9) = 4. Check Example 2: (18 - 7) = 11. Apply to Question: (14 - 19) = 5.,1
140,(16 [2] 14)  (5 [18] 23)  (14 [?] 12),7,3,5,2,1,D,The rule is: find the difference between the numbers. Check Example 1: (16 - 14) = 2. Check Example 2: (5 - 23) = 18. Apply to Question: (14 - 12) = 2.,1
141,(17 [33] 16)  (20 [22] 2)  (11 [?] 3),12,14,15,16,4,B,The rule is: add the left and right numbers. Check Example 1: (17 + 16) = 33. Check Example 2: (20 + 2) = 22. Apply to Question: (11 + 3) = 14.,1
142,(8 [7] 15)  (22 [11] 11)  (22 [?] 14),8,5,6,18,9,A,The rule is: find the difference between the numbers. Check Example 1: (8 - 15) = 7. Check Example 2: (22 - 11) = 11. Apply to Question: (22 - 14) = 8.,1
143,(2 [8] 4)  (6 [54] 9)  (5 [?] 10),48,52,50,60,49,C,The rule is: multiply the two numbers. Check Example 1: (2 * 4) = 8. Check Example 2: (6 * 9) = 54. Apply to Question: (5 * 10) = 50.,1
144,(2 [14] 7)  (4 [40] 10)  (4 [?] 6),22,25,20,24,14,D,The rule is: multiply the two numbers. Check Example 1: (2 * 7) = 14. Check Example 2: (4 * 10) = 40. Apply to Question: (4 * 6) = 24.,1
145,(2 [6] 3)  (2 [18] 9)  (4 [?] 8),29,30,38,32,42,D,The rule is: multiply the two numbers. Check Example 1: (2 * 3) = 6. Check Example 2: (2 * 9) = 18. Apply to Question: (4 * 8) = 32.,1
146,(17 [25] 8)  (15 [23] 8)  (11 [?] 6),17,19,18,27,15,A,The rule is: add the left and right numbers. Check Example 1: (17 + 8) = 25. Check Example 2: (15 + 8) = 23. Apply to Question: (11 + 6) = 17.,1
147,(20 [25] 5)  (3 [16] 13)  (8 [?] 6),14,24,15,17,4,A,The rule is: add the left and right numbers. Check Example 1: (20 + 5) = 25. Check Example 2: (3 + 13) = 16. Apply to Question: (8 + 6) = 14.,1
148,(17 [32] 15)  (15 [31] 16)  (15 [?] 6),11,23,26,21,31,D,The rule is: add the left and right numbers. Check Example 1: (17 + 15) = 32. Check Example 2: (15 + 16) = 31. Apply to Question: (15 + 6) = 21.,1
149,(9 [21] 12)  (17 [19] 2)  (7 [?] 19),24,29,36,16,26,E,The rule is: add the left and right numbers. Check Example 1: (9 + 12) = 21. Check Example 2: (17 + 2) = 19. Apply to Question: (7 + 19) = 26.,1
150,(16 [36] 20)  (6 [18] 12)  (16 [?] 20),36,37,38,34,35,A,The rule is: add the left and right numbers. Check Example 1: (16 + 20) = 36. Check Example 2: (6 + 12) = 18. Apply to Question: (16 + 20) = 36.,1
151,(15 [12] 9)  (14 [16] 18)  (2 [?] 22),17,10,13,12,9,D,The rule is: add the numbers and divide by 2. Check Example 1: (15 + 9) ÷ 2 = 12. Check Example 2: (14 + 18) ÷ 2 = 16. Apply to Question: (2 + 22) ÷ 2 = 12.,2
152,(4 [18] 10)  (9 [28] 10)  (7 [?] 6),30,18,19,20,22,D,The rule is: double the left number and add the right number. Check Example 1: (4 * 2) + 10 = 18. Check Example 2: (9 * 2) + 10 = 28. Apply to Question: (7 * 2) + 6 = 20.,2
153,(4 [14] 8)  (11 [19] 6)  (8 [?] 2),12,11,17,10,13,A,The rule is: add the numbers then add 2. Check Example 1: (4 + 8) + 2 = 14. Check Example 2: (11 + 6) + 2 = 19. Apply to Question: (8 + 2) + 2 = 12.,2
154,(6 [30] 10)  (4 [24] 12)  (9 [?] 12),55,54,59,62,56,B,The rule is: multiply the numbers and divide by 2. Check Example 1: (6 * 10) ÷ 2 = 30. Check Example 2: (4 * 12) ÷ 2 = 24. Apply to Question: (9 * 12) ÷ 2 = 54.,2
155,(6 [16] 26)  (28 [17] 6)  (12 [?] 22),16,18,17,7,15,C,The rule is: add the numbers and divide by 2. Check Example 1: (6 + 26) ÷ 2 = 16. Check Example 2: (28 + 6) ÷ 2 = 17. Apply to Question: (12 + 22) ÷ 2 = 17.,2
156,(10 [35] 7)  (5 [30] 12)  (9 [?] 6),32,26,27,25,24,C,The rule is: multiply the numbers and divide by 2. Check Example 1: (10 * 7) ÷ 2 = 35. Check Example 2: (5 * 12) ÷ 2 = 30. Apply to Question: (9 * 6) ÷ 2 = 27.,2
157,(7 [28] 8)  (7 [7] 2)  (6 [?] 11),32,33,31,23,43,B,The rule is: multiply the numbers and divide by 2. Check Example 1: (7 * 8) ÷ 2 = 28. Check Example 2: (7 * 2) ÷ 2 = 7. Apply to Question: (6 * 11) ÷ 2 = 33.,2
158,(12 [18] 4)  (12 [28] 14)  (13 [?] 2),17,22,7,16,19,A,The rule is: add the numbers then add 2. Check Example 1: (12 + 4) + 2 = 18. Check Example 2: (12 + 14) + 2 = 28. Apply to Question: (13 + 2) + 2 = 17.,2
159,(10 [20] 4)  (4 [24] 12)  (6 [?] 9),28,27,31,29,23,B,The rule is: multiply the numbers and divide by 2. Check Example 1: (10 * 4) ÷ 2 = 20. Check Example 2: (4 * 12) ÷ 2 = 24. Apply to Question: (6 * 9) ÷ 2 = 27.,2
160,(5 [13] 3)  (5 [14] 4)  (6 [?] 15),26,30,32,27,22,D,The rule is: double the left number and add the right number. Check Example 1: (5 * 2) + 3 = 13. Check Example 2: (5 * 2) + 4 = 14. Apply to Question: (6 * 2) + 15 = 27.,2
161,(10 [13] 16)  (17 [14] 11)  (7 [?] 21),16,14,12,17,24,B,The rule is: add the numbers and divide by 2. Check Example 1: (10 + 16) ÷ 2 = 13. Check Example 2: (17 + 11) ÷ 2 = 14. Apply to Question: (7 + 21) ÷ 2 = 14.,2
162,(6 [23] 11)  (4 [17] 9)  (11 [?] 4),16,28,24,27,26,E,The rule is: double the left number and add the right number. Check Example 1: (6 * 2) + 11 = 23. Check Example 2: (4 * 2) + 9 = 17. Apply to Question: (11 * 2) + 4 = 26.,2
163,(6 [9] 3)  (10 [25] 5)  (6 [?] 8),23,24,20,14,22,B,The rule is: multiply the numbers and divide by 2. Check Example 1: (6 * 3) ÷ 2 = 9. Check Example 2: (10 * 5) ÷ 2 = 25. Apply to Question: (6 * 8) ÷ 2 = 24.,2
164,(7 [22] 8)  (8 [18] 2)  (3 [?] 14),24,18,22,20,21,D,The rule is: double the left number and add the right number. Check Example 1: (7 * 2) + 8 = 22. Check Example 2: (8 * 2) + 2 = 18. Apply to Question: (3 * 2) + 14 = 20.,2
165,(14 [36] 20)  (2 [23] 19)  (12 [?] 16),24,29,30,36,25,C,The rule is: add the numbers then add 2. Check Example 1: (14 + 20) + 2 = 36. Check Example 2: (2 + 19) + 2 = 23. Apply to Question: (12 + 16) + 2 = 30.,2
166,(11 [11] 2)  (11 [33] 6)  (10 [?] 5),29,25,23,35,24,B,The rule is: multiply the numbers and divide by 2. Check Example 1: (11 * 2) ÷ 2 = 11. Check Example 2: (11 * 6) ÷ 2 = 33. Apply to Question: (10 * 5) ÷ 2 = 25.,2
167,(14 [35] 7)  (9 [25] 7)  (2 [?] 5),9,6,14,10,11,A,The rule is: double the left number and add the right number. Check Example 1: (14 * 2) + 7 = 35. Check Example 2: (9 * 2) + 7 = 25. Apply to Question: (2 * 2) + 5 = 9.,2
168,(5 [16] 6)  (6 [21] 9)  (10 [?] 8),30,29,31,27,28,E,The rule is: double the left number and add the right number. Check Example 1: (5 * 2) + 6 = 16. Check Example 2: (6 * 2) + 9 = 21. Apply to Question: (10 * 2) + 8 = 28.,2
169,(8 [28] 7)  (11 [22] 4)  (11 [?] 10),53,55,63,50,49,B,The rule is: multiply the numbers and divide by 2. Check Example 1: (8 * 7) ÷ 2 = 28. Check Example 2: (11 * 4) ÷ 2 = 22. Apply to Question: (11 * 10) ÷ 2 = 55.,2
170,(4 [11] 5)  (9 [26] 15)  (3 [?] 15),10,25,30,20,23,D,The rule is: add the numbers then add 2. Check Example 1: (4 + 5) + 2 = 11. Check Example 2: (9 + 15) + 2 = 26. Apply to Question: (3 + 15) + 2 = 20.,2
171,(2 [3] 3)  (11 [55] 10)  (12 [?] 9),59,54,56,64,52,B,The rule is: multiply the numbers and divide by 2. Check Example 1: (2 * 3) ÷ 2 = 3. Check Example 2: (11 * 10) ÷ 2 = 55. Apply to Question: (12 * 9) ÷ 2 = 54.,2
172,(2 [10] 6)  (6 [25] 13)  (13 [?] 5),31,21,34,26,37,A,The rule is: double the left number and add the right number. Check Example 1: (2 * 2) + 6 = 10. Check Example 2: (6 * 2) + 13 = 25. Apply to Question: (13 * 2) + 5 = 31.,2
173,(14 [20] 26)  (29 [22] 15)  (29 [?] 5),27,16,19,17,15,D,The rule is: add the numbers and divide by 2. Check Example 1: (14 + 26) ÷ 2 = 20. Check Example 2: (29 + 15) ÷ 2 = 22. Apply to Question: (29 + 5) ÷ 2 = 17.,2
174,(10 [40] 8)  (2 [12] 12)  (9 [?] 6),28,23,24,29,27,E,The rule is: multiply the numbers and divide by 2. Check Example 1: (10 * 8) ÷ 2 = 40. Check Example 2: (2 * 12) ÷ 2 = 12. Apply to Question: (9 * 6) ÷ 2 = 27.,2
175,(16 [27] 9)  (20 [32] 10)  (18 [?] 6),24,31,28,23,26,E,The rule is: add the numbers then add 2. Check Example 1: (16 + 9) + 2 = 27. Check Example 2: (20 + 10) + 2 = 32. Apply to Question: (18 + 6) + 2 = 26.,2
176,(13 [23] 8)  (12 [23] 9)  (14 [?] 6),21,22,32,24,25,B,The rule is: add the numbers then add 2. Check Example 1: (13 + 8) + 2 = 23. Check Example 2: (12 + 9) + 2 = 23. Apply to Question: (14 + 6) + 2 = 22.,2
177,(2 [14] 10)  (14 [33] 5)  (2 [?] 10),14,19,16,13,12,A,The rule is: double the left number and add the right number. Check Example 1: (2 * 2) + 10 = 14. Check Example 2: (14 * 2) + 5 = 33. Apply to Question: (2 * 2) + 10 = 14.,2
178,(13 [18] 3)  (16 [24] 6)  (17 [?] 8),32,37,30,27,25,D,The rule is: add the numbers then add 2. Check Example 1: (13 + 3) + 2 = 18. Check Example 2: (16 + 6) + 2 = 24. Apply to Question: (17 + 8) + 2 = 27.,2
179,(2 [10] 10)  (6 [15] 5)  (6 [?] 4),12,13,15,9,14,A,The rule is: multiply the numbers and divide by 2. Check Example 1: (2 * 10) ÷ 2 = 10. Check Example 2: (6 * 5) ÷ 2 = 15. Apply to Question: (6 * 4) ÷ 2 = 12.,2
180,(14 [9] 4)  (8 [6] 4)  (29 [?] 17),20,23,28,26,27,B,The rule is: add the numbers and divide by 2. Check Example 1: (14 + 4) ÷ 2 = 9. Check Example 2: (8 + 4) ÷ 2 = 6. Apply to Question: (29 + 17) ÷ 2 = 23.,2
181,(13 [33] 7)  (13 [37] 11)  (9 [?] 2),24,22,20,18,30,C,The rule is: double the left number and add the right number. Check Example 1: (13 * 2) + 7 = 33. Check Example 2: (13 * 2) + 11 = 37. Apply to Question: (9 * 2) + 2 = 20.,2
182,(6 [25] 13)  (9 [26] 8)  (9 [?] 12),35,30,31,32,33,B,The rule is: double the left number and add the right number. Check Example 1: (6 * 2) + 13 = 25. Check Example 2: (9 * 2) + 8 = 26. Apply to Question: (9 * 2) + 12 = 30.,2
183,(8 [26] 10)  (6 [15] 3)  (5 [?] 10),21,20,19,24,16,B,The rule is: double the left number and add the right number. Check Example 1: (8 * 2) + 10 = 26. Check Example 2: (6 * 2) + 3 = 15. Apply to Question: (5 * 2) + 10 = 20.,2
184,(6 [6] 2)  (10 [20] 4)  (6 [?] 11),34,23,33,32,27,C,The rule is: multiply the numbers and divide by 2. Check Example 1: (6 * 2) ÷ 2 = 6. Check Example 2: (10 * 4) ÷ 2 = 20. Apply to Question: (6 * 11) ÷ 2 = 33.,2
185,(3 [18] 12)  (5 [25] 10)  (4 [?] 12),29,24,28,25,26,B,The rule is: multiply the numbers and divide by 2. Check Example 1: (3 * 12) ÷ 2 = 18. Check Example 2: (5 * 10) ÷ 2 = 25. Apply to Question: (4 * 12) ÷ 2 = 24.,2
186,(12 [18] 3)  (12 [60] 10)  (11 [?] 8),45,40,44,43,34,C,The rule is: multiply the numbers and divide by 2. Check Example 1: (12 * 3) ÷ 2 = 18. Check Example 2: (12 * 10) ÷ 2 = 60. Apply to Question: (11 * 8) ÷ 2 = 44.,2
187,(5 [20] 8)  (2 [3] 3)  (6 [?] 12),39,30,37,36,29,D,The rule is: multiply the numbers and divide by 2. Check Example 1: (5 * 8) ÷ 2 = 20. Check Example 2: (2 * 3) ÷ 2 = 3. Apply to Question: (6 * 12) ÷ 2 = 36.,2
188,(10 [34] 14)  (6 [16] 4)  (9 [?] 13),36,33,41,30,31,E,The rule is: double the left number and add the right number. Check Example 1: (10 * 2) + 14 = 34. Check Example 2: (6 * 2) + 4 = 16. Apply to Question: (9 * 2) + 13 = 31.,2
189,(6 [22] 10)  (11 [26] 4)  (10 [?] 7),27,28,29,26,37,A,The rule is: double the left number and add the right number. Check Example 1: (6 * 2) + 10 = 22. Check Example 2: (11 * 2) + 4 = 26. Apply to Question: (10 * 2) + 7 = 27.,2
190,(3 [3] 2)  (11 [44] 8)  (7 [?] 4),16,14,24,17,13,B,The rule is: multiply the numbers and divide by 2. Check Example 1: (3 * 2) ÷ 2 = 3. Check Example 2: (11 * 8) ÷ 2 = 44. Apply to Question: (7 * 4) ÷ 2 = 14.,2
191,(9 [19] 8)  (16 [23] 5)  (16 [?] 8),36,29,26,24,25,C,The rule is: add the numbers then add 2. Check Example 1: (9 + 8) + 2 = 19. Check Example 2: (16 + 5) + 2 = 23. Apply to Question: (16 + 8) + 2 = 26.,2
192,(18 [30] 10)  (19 [31] 10)  (16 [?] 20),48,37,40,38,34,D,The rule is: add the numbers then add 2. Check Example 1: (18 + 10) + 2 = 30. Check Example 2: (19 + 10) + 2 = 31. Apply to Question: (16 + 20) + 2 = 38.,2
193,(12 [39] 15)  (9 [32] 14)  (6 [?] 8),20,21,19,10,16,A,The rule is: double the left number and add the right number. Check Example 1: (12 * 2) + 15 = 39. Check Example 2: (9 * 2) + 14 = 32. Apply to Question: (6 * 2) + 8 = 20.,2
194,(16 [17] 18)  (9 [15] 21)  (6 [?] 8),7,6,8,10,5,A,The rule is: add the numbers and divide by 2. Check Example 1: (16 + 18) ÷ 2 = 17. Check Example 2: (9 + 21) ÷ 2 = 15. Apply to Question: (6 + 8) ÷ 2 = 7.,2
195,(11 [30] 8)  (10 [33] 13)  (14 [?] 9),39,44,36,37,47,D,The rule is: double the left number and add the right number. Check Example 1: (11 * 2) + 8 = 30. Check Example 2: (10 * 2) + 13 = 33. Apply to Question: (14 * 2) + 9 = 37.,2
196,(16 [14] 12)  (23 [18] 13)  (15 [?] 23),24,29,19,18,20,C,The rule is: add the numbers and divide by 2. Check Example 1: (16 + 12) ÷ 2 = 14. Check Example 2: (23 + 13) ÷ 2 = 18. Apply to Question: (15 + 23) ÷ 2 = 19.,2
197,(11 [27] 5)  (12 [32] 8)  (7 [?] 12),25,24,29,31,26,E,The rule is: double the left number and add the right number. Check Example 1: (11 * 2) + 5 = 27. Check Example 2: (12 * 2) + 8 = 32. Apply to Question: (7 * 2) + 12 = 26.,2
198,(12 [26] 2)  (4 [16] 8)  (3 [?] 9),16,20,13,15,14,D,The rule is: double the left number and add the right number. Check Example 1: (12 * 2) + 2 = 26. Check Example 2: (4 * 2) + 8 = 16. Apply to Question: (3 * 2) + 9 = 15.,2
199,(11 [22] 4)  (5 [30] 12)  (12 [?] 9),53,54,55,52,59,B,The rule is: multiply the numbers and divide by 2. Check Example 1: (11 * 4) ÷ 2 = 22. Check Example 2: (5 * 12) ÷ 2 = 30. Apply to Question: (12 * 9) ÷ 2 = 54.,2
200,(8 [22] 6)  (10 [24] 4)  (14 [?] 3),31,32,41,33,25,A,The rule is: double the left number and add the right number. Check Example 1: (8 * 2) + 6 = 22. Check Example 2: (10 * 2) + 4 = 24. Apply to Question: (14 * 2) + 3 = 31.,2
201,(10 [34] 14)  (12 [30] 6)  (9 [?] 14),37,30,34,32,38,D,The rule is: double the left number and add the right number. Check Example 1: (10 * 2) + 14 = 34. Check Example 2: (12 * 2) + 6 = 30. Apply to Question: (9 * 2) + 14 = 32.,2
202,(15 [27] 10)  (17 [22] 3)  (18 [?] 11),41,25,28,31,27,D,The rule is: add the numbers then add 2. Check Example 1: (15 + 10) + 2 = 27. Check Example 2: (17 + 3) + 2 = 22. Apply to Question: (18 + 11) + 2 = 31.,2
203,(5 [18] 8)  (12 [28] 4)  (15 [?] 6),35,32,36,38,37,C,The rule is: double the left number and add the right number. Check Example 1: (5 * 2) + 8 = 18. Check Example 2: (12 * 2) + 4 = 28. Apply to Question: (15 * 2) + 6 = 36.,2
204,(3 [8] 2)  (12 [37] 13)  (12 [?] 13),37,35,39,44,38,A,The rule is: double the left number and add the right number. Check Example 1: (3 * 2) + 2 = 8. Check Example 2: (12 * 2) + 13 = 37. Apply to Question: (12 * 2) + 13 = 37.,2
205,(9 [28] 10)  (14 [41] 13)  (2 [?] 12),16,18,6,14,15,A,The rule is: double the left number and add the right number. Check Example 1: (9 * 2) + 10 = 28. Check Example 2: (14 * 2) + 13 = 41. Apply to Question: (2 * 2) + 12 = 16.,2
206,(14 [25] 9)  (18 [26] 6)  (2 [?] 5),7,8,9,10,6,C,The rule is: add the numbers then add 2. Check Example 1: (14 + 9) + 2 = 25. Check Example 2: (18 + 6) + 2 = 26. Apply to Question: (2 + 5) + 2 = 9.,2
207,(8 [15] 5)  (6 [20] 12)  (10 [?] 4),19,18,16,14,15,C,The rule is: add the numbers then add 2. Check Example 1: (8 + 5) + 2 = 15. Check Example 2: (6 + 12) + 2 = 20. Apply to Question: (10 + 4) + 2 = 16.,2
208,(15 [17] 19)  (8 [7] 6)  (12 [?] 20),15,16,17,18,21,B,The rule is: add the numbers and divide by 2. Check Example 1: (15 + 19) ÷ 2 = 17. Check Example 2: (8 + 6) ÷ 2 = 7. Apply to Question: (12 + 20) ÷ 2 = 16.,2
209,(7 [17] 3)  (11 [28] 6)  (9 [?] 11),39,34,31,29,26,D,The rule is: double the left number and add the right number. Check Example 1: (7 * 2) + 3 = 17. Check Example 2: (11 * 2) + 6 = 28. Apply to Question: (9 * 2) + 11 = 29.,2
210,(18 [29] 9)  (5 [27] 20)  (11 [?] 15),28,18,23,26,30,A,The rule is: add the numbers then add 2. Check Example 1: (18 + 9) + 2 = 29. Check Example 2: (5 + 20) + 2 = 27. Apply to Question: (11 + 15) + 2 = 28.,2
211,(8 [20] 4)  (15 [36] 6)  (2 [?] 13),7,22,19,17,14,D,The rule is: double the left number and add the right number. Check Example 1: (8 * 2) + 4 = 20. Check Example 2: (15 * 2) + 6 = 36. Apply to Question: (2 * 2) + 13 = 17.,2
212,(10 [25] 5)  (5 [24] 14)  (15 [?] 12),32,34,43,50,42,E,The rule is: double the left number and add the right number. Check Example 1: (10 * 2) + 5 = 25. Check Example 2: (5 * 2) + 14 = 24. Apply to Question: (15 * 2) + 12 = 42.,2
213,(12 [54] 9)  (12 [18] 3)  (9 [?] 8),46,36,37,43,35,B,The rule is: multiply the numbers and divide by 2. Check Example 1: (12 * 9) ÷ 2 = 54. Check Example 2: (12 * 3) ÷ 2 = 18. Apply to Question: (9 * 8) ÷ 2 = 36.,2
214,(4 [16] 8)  (9 [32] 14)  (14 [?] 7),37,34,35,36,25,C,The rule is: double the left number and add the right number. Check Example 1: (4 * 2) + 8 = 16. Check Example 2: (9 * 2) + 14 = 32. Apply to Question: (14 * 2) + 7 = 35.,2
215,(15 [25] 8)  (18 [22] 2)  (3 [?] 10),13,25,15,14,17,C,The rule is: add the numbers then add 2. Check Example 1: (15 + 8) + 2 = 25. Check Example 2: (18 + 2) + 2 = 22. Apply to Question: (3 + 10) + 2 = 15.,2
216,(10 [18] 6)  (6 [26] 18)  (17 [?] 20),40,39,46,33,37,B,The rule is: add the numbers then add 2. Check Example 1: (10 + 6) + 2 = 18. Check Example 2: (6 + 18) + 2 = 26. Apply to Question: (17 + 20) + 2 = 39.,2
217,(13 [21] 29)  (22 [21] 20)  (24 [?] 20),27,25,22,24,32,C,The rule is: add the numbers and divide by 2. Check Example 1: (13 + 29) ÷ 2 = 21. Check Example 2: (22 + 20) ÷ 2 = 21. Apply to Question: (24 + 20) ÷ 2 = 22.,2
218,(18 [20] 22)  (14 [20] 26)  (25 [?] 5),5,14,15,12,13,C,The rule is: add the numbers and divide by 2. Check Example 1: (18 + 22) ÷ 2 = 20. Check Example 2: (14 + 26) ÷ 2 = 20. Apply to Question: (25 + 5) ÷ 2 = 15.,2
219,(7 [26] 12)  (8 [31] 15)  (12 [?] 4),28,38,30,26,18,A,The rule is: double the left number and add the right number. Check Example 1: (7 * 2) + 12 = 26. Check Example 2: (8 * 2) + 15 = 31. Apply to Question: (12 * 2) + 4 = 28.,2
220,(11 [22] 9)  (12 [28] 14)  (17 [?] 9),28,38,18,30,27,A,The rule is: add the numbers then add 2. Check Example 1: (11 + 9) + 2 = 22. Check Example 2: (12 + 14) + 2 = 28. Apply to Question: (17 + 9) + 2 = 28.,2
221,(9 [8] 7)  (20 [19] 18)  (2 [?] 12),9,6,7,8,4,C,The rule is: add the numbers and divide by 2. Check Example 1: (9 + 7) ÷ 2 = 8. Check Example 2: (20 + 18) ÷ 2 = 19. Apply to Question: (2 + 12) ÷ 2 = 7.,2
222,(13 [38] 12)  (5 [17] 7)  (10 [?] 5),30,25,24,35,22,B,The rule is: double the left number and add the right number. Check Example 1: (13 * 2) + 12 = 38. Check Example 2: (5 * 2) + 7 = 17. Apply to Question: (10 * 2) + 5 = 25.,2
223,(6 [21] 7)  (5 [25] 10)  (7 [?] 8),29,18,28,33,26,C,The rule is: multiply the numbers and divide by 2. Check Example 1: (6 * 7) ÷ 2 = 21. Check Example 2: (5 * 10) ÷ 2 = 25. Apply to Question: (7 * 8) ÷ 2 = 28.,2
224,(2 [14] 10)  (14 [41] 13)  (15 [?] 8),38,45,36,43,39,A,The rule is: double the left number and add the right number. Check Example 1: (2 * 2) + 10 = 14. Check Example 2: (14 * 2) + 13 = 41. Apply to Question: (15 * 2) + 8 = 38.,2
225,(19 [23] 2)  (20 [24] 2)  (18 [?] 3),23,27,22,33,28,A,The rule is: add the numbers then add 2. Check Example 1: (19 + 2) + 2 = 23. Check Example 2: (20 + 2) + 2 = 24. Apply to Question: (18 + 3) + 2 = 23.,2
226,(3 [8] 13)  (24 [22] 20)  (9 [?] 29),29,19,21,18,24,B,The rule is: add the numbers and divide by 2. Check Example 1: (3 + 13) ÷ 2 = 8. Check Example 2: (24 + 20) ÷ 2 = 22. Apply to Question: (9 + 29) ÷ 2 = 19.,2
227,(3 [15] 10)  (5 [15] 6)  (12 [?] 4),23,34,14,24,21,D,The rule is: multiply the numbers and divide by 2. Check Example 1: (3 * 10) ÷ 2 = 15. Check Example 2: (5 * 6) ÷ 2 = 15. Apply to Question: (12 * 4) ÷ 2 = 24.,2
228,(29 [21] 13)  (5 [11] 17)  (12 [?] 22),17,27,22,18,14,A,The rule is: add the numbers and divide by 2. Check Example 1: (29 + 13) ÷ 2 = 21. Check Example 2: (5 + 17) ÷ 2 = 11. Apply to Question: (12 + 22) ÷ 2 = 17.,2
229,(2 [3] 3)  (8 [16] 4)  (12 [?] 11),77,67,66,76,71,C,The rule is: multiply the numbers and divide by 2. Check Example 1: (2 * 3) ÷ 2 = 3. Check Example 2: (8 * 4) ÷ 2 = 16. Apply to Question: (12 * 11) ÷ 2 = 66.,2
230,(3 [16] 29)  (18 [19] 20)  (26 [?] 12),21,19,29,18,24,B,The rule is: add the numbers and divide by 2. Check Example 1: (3 + 29) ÷ 2 = 16. Check Example 2: (18 + 20) ÷ 2 = 19. Apply to Question: (26 + 12) ÷ 2 = 19.,2
231,(4 [16] 8)  (5 [25] 10)  (12 [?] 5),28,29,30,40,31,C,The rule is: multiply the numbers and divide by 2. Check Example 1: (4 * 8) ÷ 2 = 16. Check Example 2: (5 * 10) ÷ 2 = 25. Apply to Question: (12 * 5) ÷ 2 = 30.,2
232,(7 [22] 8)  (9 [24] 6)  (3 [?] 8),19,15,14,16,17,C,The rule is: double the left number and add the right number. Check Example 1: (7 * 2) + 8 = 22. Check Example 2: (9 * 2) + 6 = 24. Apply to Question: (3 * 2) + 8 = 14.,2
233,(11 [22] 4)  (3 [6] 4)  (8 [?] 9),35,37,36,41,46,C,The rule is: multiply the numbers and divide by 2. Check Example 1: (11 * 4) ÷ 2 = 22. Check Example 2: (3 * 4) ÷ 2 = 6. Apply to Question: (8 * 9) ÷ 2 = 36.,2
234,(4 [9] 3)  (7 [12] 3)  (19 [?] 5),26,21,25,36,31,A,The rule is: add the numbers then add 2. Check Example 1: (4 + 3) + 2 = 9. Check Example 2: (7 + 3) + 2 = 12. Apply to Question: (19 + 5) + 2 = 26.,2
235,(25 [14] 3)  (28 [19] 10)  (28 [?] 30),30,19,31,29,27,D,The rule is: add the numbers and divide by 2. Check Example 1: (25 + 3) ÷ 2 = 14. Check Example 2: (28 + 10) ÷ 2 = 19. Apply to Question: (28 + 30) ÷ 2 = 29.,2
236,(6 [21] 9)  (13 [32] 6)  (13 [?] 14),50,40,30,41,42,B,The rule is: double the left number and add the right number. Check Example 1: (6 * 2) + 9 = 21. Check Example 2: (13 * 2) + 6 = 32. Apply to Question: (13 * 2) + 14 = 40.,2
237,(10 [30] 6)  (7 [42] 12)  (12 [?] 5),30,35,20,25,28,A,The rule is: multiply the numbers and divide by 2. Check Example 1: (10 * 6) ÷ 2 = 30. Check Example 2: (7 * 12) ÷ 2 = 42. Apply to Question: (12 * 5) ÷ 2 = 30.,2
238,(10 [60] 12)  (3 [9] 6)  (5 [?] 4),15,9,10,8,11,C,The rule is: multiply the numbers and divide by 2. Check Example 1: (10 * 12) ÷ 2 = 60. Check Example 2: (3 * 6) ÷ 2 = 9. Apply to Question: (5 * 4) ÷ 2 = 10.,2
239,(23 [25] 27)  (23 [18] 13)  (11 [?] 21),14,17,16,18,21,C,The rule is: add the numbers and divide by 2. Check Example 1: (23 + 27) ÷ 2 = 25. Check Example 2: (23 + 13) ÷ 2 = 18. Apply to Question: (11 + 21) ÷ 2 = 16.,2
240,(5 [22] 15)  (12 [20] 6)  (10 [?] 18),34,30,20,36,32,B,The rule is: add the numbers then add 2. Check Example 1: (5 + 15) + 2 = 22. Check Example 2: (12 + 6) + 2 = 20. Apply to Question: (10 + 18) + 2 = 30.,2
241,(17 [11] 5)  (14 [11] 8)  (4 [?] 6),3,8,5,15,4,C,The rule is: add the numbers and divide by 2. Check Example 1: (17 + 5) ÷ 2 = 11. Check Example 2: (14 + 8) ÷ 2 = 11. Apply to Question: (4 + 6) ÷ 2 = 5.,2
242,(7 [15] 23)  (27 [20] 13)  (9 [?] 13),14,12,13,21,11,E,The rule is: add the numbers and divide by 2. Check Example 1: (7 + 23) ÷ 2 = 15. Check Example 2: (27 + 13) ÷ 2 = 20. Apply to Question: (9 + 13) ÷ 2 = 11.,2
243,(10 [28] 8)  (8 [22] 6)  (6 [?] 4),16,6,14,19,18,A,The rule is: double the left number and add the right number. Check Example 1: (10 * 2) + 8 = 28. Check Example 2: (8 * 2) + 6 = 22. Apply to Question: (6 * 2) + 4 = 16.,2
244,(4 [20] 12)  (11 [26] 4)  (14 [?] 4),32,36,42,33,27,A,The rule is: double the left number and add the right number. Check Example 1: (4 * 2) + 12 = 20. Check Example 2: (11 * 2) + 4 = 26. Apply to Question: (14 * 2) + 4 = 32.,2
245,(11 [66] 12)  (7 [28] 8)  (2 [?] 9),10,19,8,9,6,D,The rule is: multiply the numbers and divide by 2. Check Example 1: (11 * 12) ÷ 2 = 66. Check Example 2: (7 * 8) ÷ 2 = 28. Apply to Question: (2 * 9) ÷ 2 = 9.,2
246,(6 [25] 13)  (14 [33] 5)  (2 [?] 4),8,9,18,10,6,A,The rule is: double the left number and add the right number. Check Example 1: (6 * 2) + 13 = 25. Check Example 2: (14 * 2) + 5 = 33. Apply to Question: (2 * 2) + 4 = 8.,2
247,(9 [31] 20)  (3 [9] 4)  (2 [?] 18),21,22,27,20,23,B,The rule is: add the numbers then add 2. Check Example 1: (9 + 20) + 2 = 31. Check Example 2: (3 + 4) + 2 = 9. Apply to Question: (2 + 18) + 2 = 22.,2
248,(14 [32] 4)  (4 [20] 12)  (2 [?] 14),15,18,28,20,16,B,The rule is: double the left number and add the right number. Check Example 1: (14 * 2) + 4 = 32. Check Example 2: (4 * 2) + 12 = 20. Apply to Question: (2 * 2) + 14 = 18.,2
249,(3 [7] 2)  (18 [40] 20)  (19 [?] 17),36,48,38,40,44,C,The rule is: add the numbers then add 2. Check Example 1: (3 + 2) + 2 = 7. Check Example 2: (18 + 20) + 2 = 40. Apply to Question: (19 + 17) + 2 = 38.,2
250,(7 [35] 10)  (4 [12] 6)  (12 [?] 6),39,36,34,37,38,B,The rule is: multiply the numbers and divide by 2. Check Example 1: (7 * 10) ÷ 2 = 35. Check Example 2: (4 * 6) ÷ 2 = 12. Apply to Question: (12 * 6) ÷ 2 = 36.,2
251,(4 [26] 20)  (11 [20] 7)  (6 [?] 7),25,14,17,12,15,E,The rule is: add the numbers then add 2. Check Example 1: (4 + 20) + 2 = 26. Check Example 2: (11 + 7) + 2 = 20. Apply to Question: (6 + 7) + 2 = 15.,2
252,(24 [16] 8)  (2 [4] 6)  (23 [?] 5),16,19,24,12,14,E,The rule is: add the numbers and divide by 2. Check Example 1: (24 + 8) ÷ 2 = 16. Check Example 2: (2 + 6) ÷ 2 = 4. Apply to Question: (23 + 5) ÷ 2 = 14.,2
253,(8 [19] 30)  (2 [11] 20)  (5 [?] 13),7,9,8,14,19,B,The rule is: add the numbers and divide by 2. Check Example 1: (8 + 30) ÷ 2 = 19. Check Example 2: (2 + 20) ÷ 2 = 11. Apply to Question: (5 + 13) ÷ 2 = 9.,2
254,(7 [22] 8)  (8 [30] 14)  (15 [?] 14),48,49,50,43,44,E,The rule is: double the left number and add the right number. Check Example 1: (7 * 2) + 8 = 22. Check Example 2: (8 * 2) + 14 = 30. Apply to Question: (15 * 2) + 14 = 44.,2
255,(4 [14] 8)  (4 [23] 17)  (10 [?] 14),24,27,26,36,28,C,The rule is: add the numbers then add 2. Check Example 1: (4 + 8) + 2 = 14. Check Example 2: (4 + 17) + 2 = 23. Apply to Question: (10 + 14) + 2 = 26.,2
256,(11 [20] 29)  (28 [18] 8)  (14 [?] 8),9,16,11,10,13,C,The rule is: add the numbers and divide by 2. Check Example 1: (11 + 29) ÷ 2 = 20. Check Example 2: (28 + 8) ÷ 2 = 18. Apply to Question: (14 + 8) ÷ 2 = 11.,2
257,(10 [24] 4)  (11 [35] 13)  (8 [?] 9),24,25,21,27,22,B,The rule is: double the left number and add the right number. Check Example 1: (10 * 2) + 4 = 24. Check Example 2: (11 * 2) + 13 = 35. Apply to Question: (8 * 2) + 9 = 25.,2
258,(11 [30] 8)  (9 [20] 2)  (15 [?] 12),38,42,52,44,43,B,The rule is: double the left number and add the right number. Check Example 1: (11 * 2) + 8 = 30. Check Example 2: (9 * 2) + 2 = 20. Apply to Question: (15 * 2) + 12 = 42.,2
259,(7 [6] 5)  (23 [20] 17)  (9 [?] 23),14,17,16,15,18,C,The rule is: add the numbers and divide by 2. Check Example 1: (7 + 5) ÷ 2 = 6. Check Example 2: (23 + 17) ÷ 2 = 20. Apply to Question: (9 + 23) ÷ 2 = 16.,2
260,(22 [25] 28)  (9 [7] 5)  (3 [?] 13),7,13,8,18,6,C,The rule is: add the numbers and divide by 2. Check Example 1: (22 + 28) ÷ 2 = 25. Check Example 2: (9 + 5) ÷ 2 = 7. Apply to Question: (3 + 13) ÷ 2 = 8.,2
261,(8 [36] 9)  (5 [15] 6)  (7 [?] 6),25,21,20,31,23,B,The rule is: multiply the numbers and divide by 2. Check Example 1: (8 * 9) ÷ 2 = 36. Check Example 2: (5 * 6) ÷ 2 = 15. Apply to Question: (7 * 6) ÷ 2 = 21.,2
262,(15 [30] 13)  (10 [18] 6)  (10 [?] 18),20,27,30,32,26,C,The rule is: add the numbers then add 2. Check Example 1: (15 + 13) + 2 = 30. Check Example 2: (10 + 6) + 2 = 18. Apply to Question: (10 + 18) + 2 = 30.,2
263,(19 [37] 16)  (14 [27] 11)  (3 [?] 5),10,11,8,9,12,A,The rule is: add the numbers then add 2. Check Example 1: (19 + 16) + 2 = 37. Check Example 2: (14 + 11) + 2 = 27. Apply to Question: (3 + 5) + 2 = 10.,2
264,(7 [14] 4)  (2 [9] 9)  (6 [?] 10),30,29,28,25,35,A,The rule is: multiply the numbers and divide by 2. Check Example 1: (7 * 4) ÷ 2 = 14. Check Example 2: (2 * 9) ÷ 2 = 9. Apply to Question: (6 * 10) ÷ 2 = 30.,2
265,(6 [33] 11)  (6 [36] 12)  (3 [?] 12),21,17,16,28,18,E,The rule is: multiply the numbers and divide by 2. Check Example 1: (6 * 11) ÷ 2 = 33. Check Example 2: (6 * 12) ÷ 2 = 36. Apply to Question: (3 * 12) ÷ 2 = 18.,2
266,(11 [66] 12)  (10 [40] 8)  (6 [?] 8),25,34,29,24,28,D,The rule is: multiply the numbers and divide by 2. Check Example 1: (11 * 12) ÷ 2 = 66. Check Example 2: (10 * 8) ÷ 2 = 40. Apply to Question: (6 * 8) ÷ 2 = 24.,2
267,(10 [32] 12)  (12 [26] 2)  (13 [?] 4),34,30,29,26,40,B,The rule is: double the left number and add the right number. Check Example 1: (10 * 2) + 12 = 32. Check Example 2: (12 * 2) + 2 = 26. Apply to Question: (13 * 2) + 4 = 30.,2
268,(24 [16] 8)  (22 [26] 30)  (6 [?] 8),10,12,7,17,8,C,The rule is: add the numbers and divide by 2. Check Example 1: (24 + 8) ÷ 2 = 16. Check Example 2: (22 + 30) ÷ 2 = 26. Apply to Question: (6 + 8) ÷ 2 = 7.,2
269,(3 [16] 10)  (5 [16] 6)  (13 [?] 5),32,37,31,33,36,C,The rule is: double the left number and add the right number. Check Example 1: (3 * 2) + 10 = 16. Check Example 2: (5 * 2) + 6 = 16. Apply to Question: (13 * 2) + 5 = 31.,2
270,(13 [41] 15)  (4 [15] 7)  (11 [?] 9),33,31,32,30,36,B,The rule is: double the left number and add the right number. Check Example 1: (13 * 2) + 15 = 41. Check Example 2: (4 * 2) + 7 = 15. Apply to Question: (11 * 2) + 9 = 31.,2
271,(14 [22] 6)  (11 [22] 9)  (7 [?] 13),27,23,19,22,26,D,The rule is: add the numbers then add 2. Check Example 1: (14 + 6) + 2 = 22. Check Example 2: (11 + 9) + 2 = 22. Apply to Question: (7 + 13) + 2 = 22.,2
272,(5 [14] 23)  (12 [19] 26)  (24 [?] 22),33,21,25,23,24,D,The rule is: add the numbers and divide by 2. Check Example 1: (5 + 23) ÷ 2 = 14. Check Example 2: (12 + 26) ÷ 2 = 19. Apply to Question: (24 + 22) ÷ 2 = 23.,2
273,(11 [33] 6)  (4 [22] 11)  (12 [?] 7),42,47,45,49,43,A,The rule is: multiply the numbers and divide by 2. Check Example 1: (11 * 6) ÷ 2 = 33. Check Example 2: (4 * 11) ÷ 2 = 22. Apply to Question: (12 * 7) ÷ 2 = 42.,2
274,(10 [30] 6)  (5 [20] 8)  (12 [?] 8),38,53,48,58,57,C,The rule is: multiply the numbers and divide by 2. Check Example 1: (10 * 6) ÷ 2 = 30. Check Example 2: (5 * 8) ÷ 2 = 20. Apply to Question: (12 * 8) ÷ 2 = 48.,2
275,(4 [16] 10)  (4 [24] 18)  (19 [?] 16),37,36,39,43,42,A,The rule is: add the numbers then add 2. Check Example 1: (4 + 10) + 2 = 16. Check Example 2: (4 + 18) + 2 = 24. Apply to Question: (19 + 16) + 2 = 37.,2
276,(14 [23] 7)  (10 [32] 20)  (2 [?] 5),9,10,6,12,7,A,The rule is: add the numbers then add 2. Check Example 1: (14 + 7) + 2 = 23. Check Example 2: (10 + 20) + 2 = 32. Apply to Question: (2 + 5) + 2 = 9.,2
277,(8 [40] 10)  (2 [4] 4)  (12 [?] 2),10,13,9,2,12,E,The rule is: multiply the numbers and divide by 2. Check Example 1: (8 * 10) ÷ 2 = 40. Check Example 2: (2 * 4) ÷ 2 = 4. Apply to Question: (12 * 2) ÷ 2 = 12.,2
278,(26 [22] 18)  (20 [15] 10)  (24 [?] 26),25,24,28,26,15,A,The rule is: add the numbers and divide by 2. Check Example 1: (26 + 18) ÷ 2 = 22. Check Example 2: (20 + 10) ÷ 2 = 15. Apply to Question: (24 + 26) ÷ 2 = 25.,2
279,(9 [18] 7)  (16 [25] 7)  (17 [?] 10),34,29,31,30,27,B,The rule is: add the numbers then add 2. Check Example 1: (9 + 7) + 2 = 18. Check Example 2: (16 + 7) + 2 = 25. Apply to Question: (17 + 10) + 2 = 29.,2
280,(5 [20] 8)  (12 [42] 7)  (12 [?] 8),51,50,45,56,48,E,The rule is: multiply the numbers and divide by 2. Check Example 1: (5 * 8) ÷ 2 = 20. Check Example 2: (12 * 7) ÷ 2 = 42. Apply to Question: (12 * 8) ÷ 2 = 48.,2
281,(22 [25] 28)  (12 [21] 30)  (16 [?] 12),24,16,14,4,12,C,The rule is: add the numbers and divide by 2. Check Example 1: (22 + 28) ÷ 2 = 25. Check Example 2: (12 + 30) ÷ 2 = 21. Apply to Question: (16 + 12) ÷ 2 = 14.,2
282,(6 [4] 2)  (23 [17] 11)  (17 [?] 13),18,14,25,13,15,E,The rule is: add the numbers and divide by 2. Check Example 1: (6 + 2) ÷ 2 = 4. Check Example 2: (23 + 11) ÷ 2 = 17. Apply to Question: (17 + 13) ÷ 2 = 15.,2
283,(15 [17] 19)  (5 [4] 3)  (19 [?] 7),15,13,12,10,14,B,The rule is: add the numbers and divide by 2. Check Example 1: (15 + 19) ÷ 2 = 17. Check Example 2: (5 + 3) ÷ 2 = 4. Apply to Question: (19 + 7) ÷ 2 = 13.,2
284,(2 [14] 26)  (8 [18] 28)  (21 [?] 13),14,17,22,20,19,B,The rule is: add the numbers and divide by 2. Check Example 1: (2 + 26) ÷ 2 = 14. Check Example 2: (8 + 28) ÷ 2 = 18. Apply to Question: (21 + 13) ÷ 2 = 17.,2
285,(3 [15] 10)  (8 [20] 5)  (10 [?] 12),61,50,60,58,62,C,The rule is: multiply the numbers and divide by 2. Check Example 1: (3 * 10) ÷ 2 = 15. Check Example 2: (8 * 5) ÷ 2 = 20. Apply to Question: (10 * 12) ÷ 2 = 60.,2
286,(6 [33] 11)  (5 [10] 4)  (9 [?] 2),12,7,6,9,10,D,The rule is: multiply the numbers and divide by 2. Check Example 1: (6 * 11) ÷ 2 = 33. Check Example 2: (5 * 4) ÷ 2 = 10. Apply to Question: (9 * 2) ÷ 2 = 9.,2
287,(2 [7] 12)  (4 [17] 30)  (20 [?] 18),18,19,22,9,17,B,The rule is: add the numbers and divide by 2. Check Example 1: (2 + 12) ÷ 2 = 7. Check Example 2: (4 + 30) ÷ 2 = 17. Apply to Question: (20 + 18) ÷ 2 = 19.,2
288,(4 [16] 8)  (9 [27] 6)  (4 [?] 10),16,21,10,23,20,E,The rule is: multiply the numbers and divide by 2. Check Example 1: (4 * 8) ÷ 2 = 16. Check Example 2: (9 * 6) ÷ 2 = 27. Apply to Question: (4 * 10) ÷ 2 = 20.,2
289,(15 [21] 27)  (8 [6] 4)  (10 [?] 4),9,8,6,7,4,D,The rule is: add the numbers and divide by 2. Check Example 1: (15 + 27) ÷ 2 = 21. Check Example 2: (8 + 4) ÷ 2 = 6. Apply to Question: (10 + 4) ÷ 2 = 7.,2
290,(14 [18] 2)  (13 [29] 14)  (13 [?] 5),16,20,17,22,25,B,The rule is: add the numbers then add 2. Check Example 1: (14 + 2) + 2 = 18. Check Example 2: (13 + 14) + 2 = 29. Apply to Question: (13 + 5) + 2 = 20.,2
291,(8 [12] 3)  (8 [36] 9)  (10 [?] 8),39,44,38,40,42,D,The rule is: multiply the numbers and divide by 2. Check Example 1: (8 * 3) ÷ 2 = 12. Check Example 2: (8 * 9) ÷ 2 = 36. Apply to Question: (10 * 8) ÷ 2 = 40.,2
292,(11 [55] 10)  (10 [15] 3)  (2 [?] 10),11,20,10,9,8,C,The rule is: multiply the numbers and divide by 2. Check Example 1: (11 * 10) ÷ 2 = 55. Check Example 2: (10 * 3) ÷ 2 = 15. Apply to Question: (2 * 10) ÷ 2 = 10.,2
293,(18 [34] 14)  (3 [19] 14)  (5 [?] 6),16,15,13,14,23,C,The rule is: add the numbers then add 2. Check Example 1: (18 + 14) + 2 = 34. Check Example 2: (3 + 14) + 2 = 19. Apply to Question: (5 + 6) + 2 = 13.,2
294,(3 [8] 2)  (2 [9] 5)  (13 [?] 9),39,37,35,34,36,C,The rule is: double the left number and add the right number. Check Example 1: (3 * 2) + 2 = 8. Check Example 2: (2 * 2) + 5 = 9. Apply to Question: (13 * 2) + 9 = 35.,2
295,(12 [24] 4)  (3 [9] 6)  (3 [?] 12),18,17,19,20,23,A,The rule is: multiply the numbers and divide by 2. Check Example 1: (12 * 4) ÷ 2 = 24. Check Example 2: (3 * 6) ÷ 2 = 9. Apply to Question: (3 * 12) ÷ 2 = 18.,2
296,(12 [24] 4)  (2 [12] 12)  (9 [?] 10),55,45,49,50,41,B,The rule is: multiply the numbers and divide by 2. Check Example 1: (12 * 4) ÷ 2 = 24. Check Example 2: (2 * 12) ÷ 2 = 12. Apply to Question: (9 * 10) ÷ 2 = 45.,2
297,(13 [29] 3)  (13 [37] 11)  (14 [?] 9),38,36,47,37,34,D,The rule is: double the left number and add the right number. Check Example 1: (13 * 2) + 3 = 29. Check Example 2: (13 * 2) + 11 = 37. Apply to Question: (14 * 2) + 9 = 37.,2
298,(2 [4] 4)  (2 [8] 8)  (8 [?] 2),11,6,10,8,9,D,The rule is: multiply the numbers and divide by 2. Check Example 1: (2 * 4) ÷ 2 = 4. Check Example 2: (2 * 8) ÷ 2 = 8. Apply to Question: (8 * 2) ÷ 2 = 8.,2
299,(12 [32] 8)  (8 [25] 9)  (2 [?] 7),10,16,13,9,11,E,The rule is: double the left number and add the right number. Check Example 1: (12 * 2) + 8 = 32. Check Example 2: (8 * 2) + 9 = 25. Apply to Question: (2 * 2) + 7 = 11.,2
300,(2 [9] 9)  (3 [6] 4)  (10 [?] 7),40,31,35,34,25,C,The rule is: multiply the numbers and divide by 2. Check Example 1: (2 * 9) ÷ 2 = 9. Check Example 2: (3 * 4) ÷ 2 = 6. Apply to Question: (10 * 7) ÷ 2 = 35.,2
301,(15 [44] 7)  (15 [48] 9)  (4 [?] 13),29,34,33,36,39,B,The rule is: add the numbers and multiply the result by 2. Check Example 1: (15 + 7) * 2 = 44. Check Example 2: (15 + 9) * 2 = 48. Apply to Question: (4 + 13) * 2 = 34.,3
302,(5 [11] 4)  (5 [5] 10)  (8 [?] 10),14,16,4,17,11,A,The rule is: multiply the left number by 3 and subtract the right. Check Example 1: (3 * 5) - 4 = 11. Check Example 2: (3 * 5) - 10 = 5. Apply to Question: (3 * 8) - 10 = 14.,3
303,(8 [20] 4)  (5 [5] 10)  (10 [?] 9),26,21,23,11,24,B,The rule is: multiply the left number by 3 and subtract the right. Check Example 1: (3 * 8) - 4 = 20. Check Example 2: (3 * 5) - 10 = 5. Apply to Question: (3 * 10) - 9 = 21.,3
304,(7 [39] 6)  (10 [47] 5)  (3 [?] 7),20,15,19,17,18,E,The rule is: multiply the numbers and subtract 3. Check Example 1: (7 * 6) - 3 = 39. Check Example 2: (10 * 5) - 3 = 47. Apply to Question: (3 * 7) - 3 = 18.,3
305,(3 [30] 11)  (5 [57] 12)  (12 [?] 7),81,92,79,73,66,A,The rule is: multiply the numbers and subtract 3. Check Example 1: (3 * 11) - 3 = 30. Check Example 2: (5 * 12) - 3 = 57. Apply to Question: (12 * 7) - 3 = 81.,3
306,(7 [60] 9)  (8 [29] 4)  (6 [?] 3),14,13,15,20,16,C,The rule is: multiply the numbers and subtract 3. Check Example 1: (7 * 9) - 3 = 60. Check Example 2: (8 * 4) - 3 = 29. Apply to Question: (6 * 3) - 3 = 15.,3
307,(5 [5] 10)  (3 [5] 4)  (6 [?] 3),18,17,15,25,14,C,The rule is: multiply the left number by 3 and subtract the right. Check Example 1: (3 * 5) - 10 = 5. Check Example 2: (3 * 3) - 4 = 5. Apply to Question: (3 * 6) - 3 = 15.,3
308,(7 [9] 12)  (5 [12] 3)  (12 [?] 6),27,30,29,26,33,B,The rule is: multiply the left number by 3 and subtract the right. Check Example 1: (3 * 7) - 12 = 9. Check Example 2: (3 * 5) - 3 = 12. Apply to Question: (3 * 12) - 6 = 30.,3
309,(3 [14] 5)  (4 [18] 2)  (9 [?] 6),81,87,92,89,85,B,The rule is: square the left number and add the right number. Check Example 1: (3² + 5) = 14. Check Example 2: (4² + 2) = 18. Apply to Question: (9² + 6) = 87.,3
310,(11 [42] 10)  (15 [42] 6)  (4 [?] 6),21,20,16,19,17,B,The rule is: add the numbers and multiply the result by 2. Check Example 1: (11 + 10) * 2 = 42. Check Example 2: (15 + 6) * 2 = 42. Apply to Question: (4 + 6) * 2 = 20.,3
311,(5 [24] 7)  (4 [14] 3)  (14 [?] 2),34,32,33,35,30,B,The rule is: add the numbers and multiply the result by 2. Check Example 1: (5 + 7) * 2 = 24. Check Example 2: (4 + 3) * 2 = 14. Apply to Question: (14 + 2) * 2 = 32.,3
312,(3 [17] 8)  (9 [88] 7)  (7 [?] 3),50,45,52,54,51,C,The rule is: square the left number and add the right number. Check Example 1: (3² + 8) = 17. Check Example 2: (9² + 7) = 88. Apply to Question: (7² + 3) = 52.,3
313,(9 [22] 5)  (8 [13] 11)  (7 [?] 11),12,10,7,11,9,B,The rule is: multiply the left number by 3 and subtract the right. Check Example 1: (3 * 9) - 5 = 22. Check Example 2: (3 * 8) - 11 = 13. Apply to Question: (3 * 7) - 11 = 10.,3
314,(2 [14] 5)  (9 [26] 4)  (9 [?] 6),34,29,30,40,35,C,The rule is: add the numbers and multiply the result by 2. Check Example 1: (2 + 5) * 2 = 14. Check Example 2: (9 + 4) * 2 = 26. Apply to Question: (9 + 6) * 2 = 30.,3
315,(11 [21] 12)  (11 [24] 9)  (5 [?] 7),8,7,13,5,6,A,The rule is: multiply the left number by 3 and subtract the right. Check Example 1: (3 * 11) - 12 = 21. Check Example 2: (3 * 11) - 9 = 24. Apply to Question: (3 * 5) - 7 = 8.,3
316,(10 [117] 12)  (9 [33] 4)  (6 [?] 10),57,46,59,56,61,A,The rule is: multiply the numbers and subtract 3. Check Example 1: (10 * 12) - 3 = 117. Check Example 2: (9 * 4) - 3 = 33. Apply to Question: (6 * 10) - 3 = 57.,3
317,(11 [28] 5)  (9 [23] 4)  (2 [?] 4),1,3,7,4,2,E,The rule is: multiply the left number by 3 and subtract the right. Check Example 1: (3 * 11) - 5 = 28. Check Example 2: (3 * 9) - 4 = 23. Apply to Question: (3 * 2) - 4 = 2.,3
318,(9 [87] 6)  (2 [10] 6)  (3 [?] 8),17,16,27,15,18,A,The rule is: square the left number and add the right number. Check Example 1: (9² + 6) = 87. Check Example 2: (2² + 6) = 10. Apply to Question: (3² + 8) = 17.,3
319,(7 [54] 5)  (4 [24] 8)  (4 [?] 3),16,22,29,20,19,E,The rule is: square the left number and add the right number. Check Example 1: (7² + 5) = 54. Check Example 2: (4² + 8) = 24. Apply to Question: (4² + 3) = 19.,3
320,(6 [39] 7)  (9 [33] 4)  (9 [?] 11),96,108,83,105,95,A,The rule is: multiply the numbers and subtract 3. Check Example 1: (6 * 7) - 3 = 39. Check Example 2: (9 * 4) - 3 = 33. Apply to Question: (9 * 11) - 3 = 96.,3
321,(12 [129] 11)  (3 [18] 7)  (10 [?] 12),137,118,119,115,117,E,The rule is: multiply the numbers and subtract 3. Check Example 1: (12 * 11) - 3 = 129. Check Example 2: (3 * 7) - 3 = 18. Apply to Question: (10 * 12) - 3 = 117.,3
322,(3 [11] 2)  (7 [51] 2)  (7 [?] 9),49,57,60,65,58,E,The rule is: square the left number and add the right number. Check Example 1: (3² + 2) = 11. Check Example 2: (7² + 2) = 51. Apply to Question: (7² + 9) = 58.,3
323,(3 [12] 5)  (7 [25] 4)  (11 [?] 6),61,63,52,65,53,B,The rule is: multiply the numbers and subtract 3. Check Example 1: (3 * 5) - 3 = 12. Check Example 2: (7 * 4) - 3 = 25. Apply to Question: (11 * 6) - 3 = 63.,3
324,(6 [16] 2)  (10 [27] 3)  (9 [?] 5),21,27,12,22,23,D,The rule is: multiply the left number by 3 and subtract the right. Check Example 1: (3 * 6) - 2 = 16. Check Example 2: (3 * 10) - 3 = 27. Apply to Question: (3 * 9) - 5 = 22.,3
325,(6 [11] 7)  (10 [21] 9)  (4 [?] 8),2,5,6,3,4,E,The rule is: multiply the left number by 3 and subtract the right. Check Example 1: (3 * 6) - 7 = 11. Check Example 2: (3 * 10) - 9 = 21. Apply to Question: (3 * 4) - 8 = 4.,3
326,(11 [31] 2)  (6 [10] 8)  (12 [?] 11),30,21,27,25,35,D,The rule is: multiply the left number by 3 and subtract the right. Check Example 1: (3 * 11) - 2 = 31. Check Example 2: (3 * 6) - 8 = 10. Apply to Question: (3 * 12) - 11 = 25.,3
327,(3 [15] 6)  (4 [22] 6)  (7 [?] 2),49,55,48,51,52,D,The rule is: square the left number and add the right number. Check Example 1: (3² + 6) = 15. Check Example 2: (4² + 6) = 22. Apply to Question: (7² + 2) = 51.,3
328,(4 [21] 5)  (7 [55] 6)  (2 [?] 9),18,10,14,3,13,E,The rule is: square the left number and add the right number. Check Example 1: (4² + 5) = 21. Check Example 2: (7² + 6) = 55. Apply to Question: (2² + 9) = 13.,3
329,(6 [20] 4)  (14 [58] 15)  (5 [?] 4),17,23,20,18,16,D,The rule is: add the numbers and multiply the result by 2. Check Example 1: (6 + 4) * 2 = 20. Check Example 2: (14 + 15) * 2 = 58. Apply to Question: (5 + 4) * 2 = 18.,3
330,(7 [26] 6)  (2 [10] 3)  (12 [?] 3),30,40,24,26,20,A,The rule is: add the numbers and multiply the result by 2. Check Example 1: (7 + 6) * 2 = 26. Check Example 2: (2 + 3) * 2 = 10. Apply to Question: (12 + 3) * 2 = 30.,3
331,(11 [107] 10)  (6 [63] 11)  (12 [?] 7),90,71,81,91,76,C,The rule is: multiply the numbers and subtract 3. Check Example 1: (11 * 10) - 3 = 107. Check Example 2: (6 * 11) - 3 = 63. Apply to Question: (12 * 7) - 3 = 81.,3
332,(4 [33] 9)  (3 [33] 12)  (3 [?] 8),22,23,21,26,20,C,The rule is: multiply the numbers and subtract 3. Check Example 1: (4 * 9) - 3 = 33. Check Example 2: (3 * 12) - 3 = 33. Apply to Question: (3 * 8) - 3 = 21.,3
333,(7 [53] 4)  (9 [88] 7)  (5 [?] 4),25,29,28,31,24,B,The rule is: square the left number and add the right number. Check Example 1: (7² + 4) = 53. Check Example 2: (9² + 7) = 88. Apply to Question: (5² + 4) = 29.,3
334,(2 [13] 9)  (4 [24] 8)  (9 [?] 2),87,83,73,95,93,B,The rule is: square the left number and add the right number. Check Example 1: (2² + 9) = 13. Check Example 2: (4² + 8) = 24. Apply to Question: (9² + 2) = 83.,3
335,(9 [38] 10)  (7 [18] 2)  (13 [?] 2),30,35,34,31,26,A,The rule is: add the numbers and multiply the result by 2. Check Example 1: (9 + 10) * 2 = 38. Check Example 2: (7 + 2) * 2 = 18. Apply to Question: (13 + 2) * 2 = 30.,3
336,(4 [9] 3)  (12 [29] 7)  (9 [?] 5),27,23,22,21,24,C,The rule is: multiply the left number by 3 and subtract the right. Check Example 1: (3 * 4) - 3 = 9. Check Example 2: (3 * 12) - 7 = 29. Apply to Question: (3 * 9) - 5 = 22.,3
337,(11 [48] 13)  (5 [32] 11)  (14 [?] 5),28,31,48,39,38,E,The rule is: add the numbers and multiply the result by 2. Check Example 1: (11 + 13) * 2 = 48. Check Example 2: (5 + 11) * 2 = 32. Apply to Question: (14 + 5) * 2 = 38.,3
338,(6 [40] 4)  (8 [70] 6)  (6 [?] 2),38,48,43,37,28,A,The rule is: square the left number and add the right number. Check Example 1: (6² + 4) = 40. Check Example 2: (8² + 6) = 70. Apply to Question: (6² + 2) = 38.,3
339,(11 [107] 10)  (3 [33] 12)  (5 [?] 12),55,56,58,57,59,D,The rule is: multiply the numbers and subtract 3. Check Example 1: (11 * 10) - 3 = 107. Check Example 2: (3 * 12) - 3 = 33. Apply to Question: (5 * 12) - 3 = 57.,3
340,(11 [27] 6)  (3 [2] 7)  (5 [?] 12),1,13,2,5,3,E,The rule is: multiply the left number by 3 and subtract the right. Check Example 1: (3 * 11) - 6 = 27. Check Example 2: (3 * 3) - 7 = 2. Apply to Question: (3 * 5) - 12 = 3.,3
341,(3 [28] 11)  (7 [38] 12)  (4 [?] 13),34,39,33,32,31,A,The rule is: add the numbers and multiply the result by 2. Check Example 1: (3 + 11) * 2 = 28. Check Example 2: (7 + 12) * 2 = 38. Apply to Question: (4 + 13) * 2 = 34.,3
342,(9 [28] 5)  (5 [38] 14)  (10 [?] 4),23,28,24,29,33,B,The rule is: add the numbers and multiply the result by 2. Check Example 1: (9 + 5) * 2 = 28. Check Example 2: (5 + 14) * 2 = 38. Apply to Question: (10 + 4) * 2 = 28.,3
343,(14 [54] 13)  (3 [20] 7)  (6 [?] 15),42,41,39,32,38,A,The rule is: add the numbers and multiply the result by 2. Check Example 1: (14 + 13) * 2 = 54. Check Example 2: (3 + 7) * 2 = 20. Apply to Question: (6 + 15) * 2 = 42.,3
344,(9 [89] 8)  (7 [57] 8)  (8 [?] 5),67,70,74,79,69,E,The rule is: square the left number and add the right number. Check Example 1: (9² + 8) = 89. Check Example 2: (7² + 8) = 57. Apply to Question: (8² + 5) = 69.,3
345,(9 [105] 12)  (4 [25] 7)  (4 [?] 3),10,14,11,8,9,E,The rule is: multiply the numbers and subtract 3. Check Example 1: (9 * 12) - 3 = 105. Check Example 2: (4 * 7) - 3 = 25. Apply to Question: (4 * 3) - 3 = 9.,3
346,(5 [28] 3)  (5 [31] 6)  (3 [?] 6),12,5,14,15,25,D,The rule is: square the left number and add the right number. Check Example 1: (5² + 3) = 28. Check Example 2: (5² + 6) = 31. Apply to Question: (3² + 6) = 15.,3
347,(4 [20] 6)  (4 [32] 12)  (7 [?] 3),19,20,24,18,22,B,The rule is: add the numbers and multiply the result by 2. Check Example 1: (4 + 6) * 2 = 20. Check Example 2: (4 + 12) * 2 = 32. Apply to Question: (7 + 3) * 2 = 20.,3
348,(7 [53] 8)  (6 [21] 4)  (3 [?] 7),17,23,21,18,15,D,The rule is: multiply the numbers and subtract 3. Check Example 1: (7 * 8) - 3 = 53. Check Example 2: (6 * 4) - 3 = 21. Apply to Question: (3 * 7) - 3 = 18.,3
349,(7 [18] 3)  (4 [9] 3)  (3 [?] 12),32,34,23,33,35,D,The rule is: multiply the numbers and subtract 3. Check Example 1: (7 * 3) - 3 = 18. Check Example 2: (4 * 3) - 3 = 9. Apply to Question: (3 * 12) - 3 = 33.,3
350,(11 [30] 3)  (7 [13] 8)  (11 [?] 8),24,23,26,25,30,D,The rule is: multiply the left number by 3 and subtract the right. Check Example 1: (3 * 11) - 3 = 30. Check Example 2: (3 * 7) - 8 = 13. Apply to Question: (3 * 11) - 8 = 25.,3
351,(3 [17] 8)  (3 [11] 2)  (4 [?] 3),21,16,17,19,18,D,The rule is: square the left number and add the right number. Check Example 1: (3² + 8) = 17. Check Example 2: (3² + 2) = 11. Apply to Question: (4² + 3) = 19.,3
352,(3 [22] 8)  (5 [16] 3)  (5 [?] 4),28,19,17,20,18,E,The rule is: add the numbers and multiply the result by 2. Check Example 1: (3 + 8) * 2 = 22. Check Example 2: (5 + 3) * 2 = 16. Apply to Question: (5 + 4) * 2 = 18.,3
353,(8 [93] 12)  (5 [32] 7)  (5 [?] 4),17,19,7,15,22,A,The rule is: multiply the numbers and subtract 3. Check Example 1: (8 * 12) - 3 = 93. Check Example 2: (5 * 7) - 3 = 32. Apply to Question: (5 * 4) - 3 = 17.,3
354,(5 [33] 8)  (7 [57] 8)  (6 [?] 4),39,38,50,42,40,E,The rule is: square the left number and add the right number. Check Example 1: (5² + 8) = 33. Check Example 2: (7² + 8) = 57. Apply to Question: (6² + 4) = 40.,3
355,(8 [53] 7)  (9 [51] 6)  (11 [?] 12),112,139,129,124,143,C,The rule is: multiply the numbers and subtract 3. Check Example 1: (8 * 7) - 3 = 53. Check Example 2: (9 * 6) - 3 = 51. Apply to Question: (11 * 12) - 3 = 129.,3
356,(5 [29] 4)  (8 [66] 2)  (7 [?] 6),62,55,54,66,45,B,The rule is: square the left number and add the right number. Check Example 1: (5² + 4) = 29. Check Example 2: (8² + 2) = 66. Apply to Question: (7² + 6) = 55.,3
357,(5 [31] 6)  (8 [71] 7)  (2 [?] 8),13,12,9,17,14,B,The rule is: square the left number and add the right number. Check Example 1: (5² + 6) = 31. Check Example 2: (8² + 7) = 71. Apply to Question: (2² + 8) = 12.,3
358,(12 [44] 10)  (5 [14] 2)  (9 [?] 13),44,34,46,51,42,A,The rule is: add the numbers and multiply the result by 2. Check Example 1: (12 + 10) * 2 = 44. Check Example 2: (5 + 2) * 2 = 14. Apply to Question: (9 + 13) * 2 = 44.,3
359,(9 [15] 12)  (11 [23] 10)  (10 [?] 9),21,31,22,25,20,A,The rule is: multiply the left number by 3 and subtract the right. Check Example 1: (3 * 9) - 12 = 15. Check Example 2: (3 * 11) - 10 = 23. Apply to Question: (3 * 10) - 9 = 21.,3
360,(3 [2] 7)  (4 [10] 2)  (4 [?] 5),8,9,7,12,17,C,The rule is: multiply the left number by 3 and subtract the right. Check Example 1: (3 * 3) - 7 = 2. Check Example 2: (3 * 4) - 2 = 10. Apply to Question: (3 * 4) - 5 = 7.,3
361,(5 [40] 15)  (10 [28] 4)  (12 [?] 2),33,23,38,28,27,D,The rule is: add the numbers and multiply the result by 2. Check Example 1: (5 + 15) * 2 = 40. Check Example 2: (10 + 4) * 2 = 28. Apply to Question: (12 + 2) * 2 = 28.,3
362,(4 [6] 6)  (5 [7] 8)  (11 [?] 2),32,34,31,21,36,C,The rule is: multiply the left number by 3 and subtract the right. Check Example 1: (3 * 4) - 6 = 6. Check Example 2: (3 * 5) - 8 = 7. Apply to Question: (3 * 11) - 2 = 31.,3
363,(12 [33] 3)  (12 [105] 9)  (4 [?] 8),29,31,28,30,34,A,The rule is: multiply the numbers and subtract 3. Check Example 1: (12 * 3) - 3 = 33. Check Example 2: (12 * 9) - 3 = 105. Apply to Question: (4 * 8) - 3 = 29.,3
364,(10 [47] 5)  (10 [107] 11)  (6 [?] 3),5,13,17,12,15,E,The rule is: multiply the numbers and subtract 3. Check Example 1: (10 * 5) - 3 = 47. Check Example 2: (10 * 11) - 3 = 107. Apply to Question: (6 * 3) - 3 = 15.,3
365,(8 [68] 4)  (9 [86] 5)  (5 [?] 7),33,34,32,30,31,C,The rule is: square the left number and add the right number. Check Example 1: (8² + 4) = 68. Check Example 2: (9² + 5) = 86. Apply to Question: (5² + 7) = 32.,3
366,(4 [22] 7)  (9 [40] 11)  (2 [?] 12),29,30,26,28,27,D,The rule is: add the numbers and multiply the result by 2. Check Example 1: (4 + 7) * 2 = 22. Check Example 2: (9 + 11) * 2 = 40. Apply to Question: (2 + 12) * 2 = 28.,3
367,(9 [38] 10)  (14 [42] 7)  (8 [?] 10),26,36,37,46,43,B,The rule is: add the numbers and multiply the result by 2. Check Example 1: (9 + 10) * 2 = 38. Check Example 2: (14 + 7) * 2 = 42. Apply to Question: (8 + 10) * 2 = 36.,3
368,(15 [34] 2)  (13 [56] 15)  (12 [?] 9),42,40,43,32,47,A,The rule is: add the numbers and multiply the result by 2. Check Example 1: (15 + 2) * 2 = 34. Check Example 2: (13 + 15) * 2 = 56. Apply to Question: (12 + 9) * 2 = 42.,3
369,(5 [8] 7)  (11 [23] 10)  (7 [?] 5),17,13,15,16,18,D,The rule is: multiply the left number by 3 and subtract the right. Check Example 1: (3 * 5) - 7 = 8. Check Example 2: (3 * 11) - 10 = 23. Apply to Question: (3 * 7) - 5 = 16.,3
370,(6 [27] 5)  (7 [67] 10)  (5 [?] 6),30,26,29,27,25,D,The rule is: multiply the numbers and subtract 3. Check Example 1: (6 * 5) - 3 = 27. Check Example 2: (7 * 10) - 3 = 67. Apply to Question: (5 * 6) - 3 = 27.,3
371,(2 [22] 9)  (14 [38] 5)  (7 [?] 10),39,35,32,36,34,E,The rule is: add the numbers and multiply the result by 2. Check Example 1: (2 + 9) * 2 = 22. Check Example 2: (14 + 5) * 2 = 38. Apply to Question: (7 + 10) * 2 = 34.,3
372,(3 [14] 4)  (15 [38] 4)  (3 [?] 6),28,20,8,18,15,D,The rule is: add the numbers and multiply the result by 2. Check Example 1: (3 + 4) * 2 = 14. Check Example 2: (15 + 4) * 2 = 38. Apply to Question: (3 + 6) * 2 = 18.,3
373,(12 [32] 4)  (7 [12] 9)  (9 [?] 12),14,12,17,15,5,D,The rule is: multiply the left number by 3 and subtract the right. Check Example 1: (3 * 12) - 4 = 32. Check Example 2: (3 * 7) - 9 = 12. Apply to Question: (3 * 9) - 12 = 15.,3
374,(9 [33] 4)  (8 [85] 11)  (12 [?] 11),110,107,134,148,129,E,The rule is: multiply the numbers and subtract 3. Check Example 1: (9 * 4) - 3 = 33. Check Example 2: (8 * 11) - 3 = 85. Apply to Question: (12 * 11) - 3 = 129.,3
375,(2 [10] 6)  (6 [43] 7)  (6 [?] 4),38,30,39,35,40,E,The rule is: square the left number and add the right number. Check Example 1: (2² + 6) = 10. Check Example 2: (6² + 7) = 43. Apply to Question: (6² + 4) = 40.,3
376,(8 [70] 6)  (4 [23] 7)  (4 [?] 3),24,20,29,17,19,E,The rule is: square the left number and add the right number. Check Example 1: (8² + 6) = 70. Check Example 2: (4² + 7) = 23. Apply to Question: (4² + 3) = 19.,3
377,(8 [73] 9)  (4 [25] 9)  (7 [?] 5),54,52,53,55,64,A,The rule is: square the left number and add the right number. Check Example 1: (8² + 9) = 73. Check Example 2: (4² + 9) = 25. Apply to Question: (7² + 5) = 54.,3
378,(2 [8] 4)  (3 [11] 2)  (9 [?] 7),76,86,79,98,88,E,The rule is: square the left number and add the right number. Check Example 1: (2² + 4) = 8. Check Example 2: (3² + 2) = 11. Apply to Question: (9² + 7) = 88.,3
379,(9 [21] 6)  (7 [12] 9)  (6 [?] 5),10,13,11,14,18,B,The rule is: multiply the left number by 3 and subtract the right. Check Example 1: (3 * 9) - 6 = 21. Check Example 2: (3 * 7) - 9 = 12. Apply to Question: (3 * 6) - 5 = 13.,3
380,(6 [41] 5)  (2 [12] 8)  (3 [?] 2),10,14,13,11,16,D,The rule is: square the left number and add the right number. Check Example 1: (6² + 5) = 41. Check Example 2: (2² + 8) = 12. Apply to Question: (3² + 2) = 11.,3
381,(9 [69] 8)  (4 [25] 7)  (11 [?] 8),95,83,85,90,86,C,The rule is: multiply the numbers and subtract 3. Check Example 1: (9 * 8) - 3 = 69. Check Example 2: (4 * 7) - 3 = 25. Apply to Question: (11 * 8) - 3 = 85.,3
382,(7 [38] 12)  (11 [50] 14)  (8 [?] 9),37,36,28,34,33,D,The rule is: add the numbers and multiply the result by 2. Check Example 1: (7 + 12) * 2 = 38. Check Example 2: (11 + 14) * 2 = 50. Apply to Question: (8 + 9) * 2 = 34.,3
383,(9 [96] 11)  (12 [33] 3)  (11 [?] 10),109,107,120,100,117,B,The rule is: multiply the numbers and subtract 3. Check Example 1: (9 * 11) - 3 = 96. Check Example 2: (12 * 3) - 3 = 33. Apply to Question: (11 * 10) - 3 = 107.,3
384,(5 [7] 8)  (7 [10] 11)  (9 [?] 7),16,19,20,25,18,C,The rule is: multiply the left number by 3 and subtract the right. Check Example 1: (3 * 5) - 8 = 7. Check Example 2: (3 * 7) - 11 = 10. Apply to Question: (3 * 9) - 7 = 20.,3
385,(8 [40] 12)  (8 [26] 5)  (15 [?] 5),37,38,45,40,39,D,The rule is: add the numbers and multiply the result by 2. Check Example 1: (8 + 12) * 2 = 40. Check Example 2: (8 + 5) * 2 = 26. Apply to Question: (15 + 5) * 2 = 40.,3
386,(8 [70] 6)  (8 [68] 4)  (2 [?] 9),12,15,13,10,11,C,The rule is: square the left number and add the right number. Check Example 1: (8² + 6) = 70. Check Example 2: (8² + 4) = 68. Apply to Question: (2² + 9) = 13.,3
387,(9 [24] 3)  (12 [50] 13)  (3 [?] 10),24,30,16,31,26,E,The rule is: add the numbers and multiply the result by 2. Check Example 1: (9 + 3) * 2 = 24. Check Example 2: (12 + 13) * 2 = 50. Apply to Question: (3 + 10) * 2 = 26.,3
388,(9 [42] 5)  (9 [69] 8)  (7 [?] 12),81,76,86,82,83,A,The rule is: multiply the numbers and subtract 3. Check Example 1: (9 * 5) - 3 = 42. Check Example 2: (9 * 8) - 3 = 69. Apply to Question: (7 * 12) - 3 = 81.,3
389,(8 [85] 11)  (9 [51] 6)  (11 [?] 3),35,33,30,32,24,C,The rule is: multiply the numbers and subtract 3. Check Example 1: (8 * 11) - 3 = 85. Check Example 2: (9 * 6) - 3 = 51. Apply to Question: (11 * 3) - 3 = 30.,3
390,(7 [39] 6)  (6 [27] 5)  (8 [?] 5),43,35,27,39,37,E,The rule is: multiply the numbers and subtract 3. Check Example 1: (7 * 6) - 3 = 39. Check Example 2: (6 * 5) - 3 = 27. Apply to Question: (8 * 5) - 3 = 37.,3
391,(12 [54] 15)  (6 [22] 5)  (14 [?] 15),60,63,67,58,68,D,The rule is: add the numbers and multiply the result by 2. Check Example 1: (12 + 15) * 2 = 54. Check Example 2: (6 + 5) * 2 = 22. Apply to Question: (14 + 15) * 2 = 58.,3
392,(6 [38] 13)  (5 [36] 13)  (5 [?] 3),19,16,6,15,13,B,The rule is: add the numbers and multiply the result by 2. Check Example 1: (6 + 13) * 2 = 38. Check Example 2: (5 + 13) * 2 = 36. Apply to Question: (5 + 3) * 2 = 16.,3
393,(8 [70] 6)  (5 [32] 7)  (3 [?] 6),25,15,12,14,20,B,The rule is: square the left number and add the right number. Check Example 1: (8² + 6) = 70. Check Example 2: (5² + 7) = 32. Apply to Question: (3² + 6) = 15.,3
394,(8 [22] 2)  (10 [26] 4)  (12 [?] 11),30,27,28,25,24,D,The rule is: multiply the left number by 3 and subtract the right. Check Example 1: (3 * 8) - 2 = 22. Check Example 2: (3 * 10) - 4 = 26. Apply to Question: (3 * 12) - 11 = 25.,3
395,(6 [38] 2)  (3 [11] 2)  (5 [?] 8),38,31,36,33,35,D,The rule is: square the left number and add the right number. Check Example 1: (6² + 2) = 38. Check Example 2: (3² + 2) = 11. Apply to Question: (5² + 8) = 33.,3
396,(9 [105] 12)  (5 [47] 10)  (6 [?] 5),26,27,25,29,32,B,The rule is: multiply the numbers and subtract 3. Check Example 1: (9 * 12) - 3 = 105. Check Example 2: (5 * 10) - 3 = 47. Apply to Question: (6 * 5) - 3 = 27.,3
397,(4 [2] 10)  (6 [14] 4)  (3 [?] 5),9,14,3,5,4,E,The rule is: multiply the left number by 3 and subtract the right. Check Example 1: (3 * 4) - 10 = 2. Check Example 2: (3 * 6) - 4 = 14. Apply to Question: (3 * 3) - 5 = 4.,3
398,(5 [27] 2)  (8 [67] 3)  (2 [?] 7),9,1,13,16,11,E,The rule is: square the left number and add the right number. Check Example 1: (5² + 2) = 27. Check Example 2: (8² + 3) = 67. Apply to Question: (2² + 7) = 11.,3
399,(12 [129] 11)  (6 [57] 10)  (4 [?] 10),42,37,47,36,39,B,The rule is: multiply the numbers and subtract 3. Check Example 1: (12 * 11) - 3 = 129. Check Example 2: (6 * 10) - 3 = 57. Apply to Question: (4 * 10) - 3 = 37.,3
400,(10 [77] 8)  (9 [42] 5)  (5 [?] 7),36,33,32,34,31,C,The rule is: multiply the numbers and subtract 3. Check Example 1: (10 * 8) - 3 = 77. Check Example 2: (9 * 5) - 3 = 42. Apply to Question: (5 * 7) - 3 = 32.,3
401,(11 [74] 7)  (7 [81] 12)  (12 [?] 10),118,116,119,117,132,D,The rule is: multiply the numbers and subtract 3. Check Example 1: (11 * 7) - 3 = 74. Check Example 2: (7 * 12) - 3 = 81. Apply to Question: (12 * 10) - 3 = 117.,3
402,(7 [55] 6)  (4 [25] 9)  (9 [?] 4),76,85,95,81,75,B,The rule is: square the left number and add the right number. Check Example 1: (7² + 6) = 55. Check Example 2: (4² + 9) = 25. Apply to Question: (9² + 4) = 85.,3
403,(8 [36] 10)  (15 [52] 11)  (8 [?] 13),42,52,39,40,43,A,The rule is: add the numbers and multiply the result by 2. Check Example 1: (8 + 10) * 2 = 36. Check Example 2: (15 + 11) * 2 = 52. Apply to Question: (8 + 13) * 2 = 42.,3
404,(11 [129] 12)  (5 [27] 6)  (6 [?] 4),21,23,20,17,31,A,The rule is: multiply the numbers and subtract 3. Check Example 1: (11 * 12) - 3 = 129. Check Example 2: (5 * 6) - 3 = 27. Apply to Question: (6 * 4) - 3 = 21.,3
405,(2 [12] 8)  (4 [23] 7)  (6 [?] 3),37,29,49,39,41,D,The rule is: square the left number and add the right number. Check Example 1: (2² + 8) = 12. Check Example 2: (4² + 7) = 23. Apply to Question: (6² + 3) = 39.,3
406,(9 [88] 7)  (6 [39] 3)  (5 [?] 6),29,25,41,31,36,D,The rule is: square the left number and add the right number. Check Example 1: (9² + 7) = 88. Check Example 2: (6² + 3) = 39. Apply to Question: (5² + 6) = 31.,3
407,(4 [5] 7)  (8 [12] 12)  (9 [?] 2),35,26,25,27,21,C,The rule is: multiply the left number by 3 and subtract the right. Check Example 1: (3 * 4) - 7 = 5. Check Example 2: (3 * 8) - 12 = 12. Apply to Question: (3 * 9) - 2 = 25.,3
408,(6 [26] 7)  (12 [42] 9)  (9 [?] 15),44,38,50,48,47,D,The rule is: add the numbers and multiply the result by 2. Check Example 1: (6 + 7) * 2 = 26. Check Example 2: (12 + 9) * 2 = 42. Apply to Question: (9 + 15) * 2 = 48.,3
409,(4 [10] 2)  (11 [26] 7)  (5 [?] 12),2,3,13,4,5,B,The rule is: multiply the left number by 3 and subtract the right. Check Example 1: (3 * 4) - 2 = 10. Check Example 2: (3 * 11) - 7 = 26. Apply to Question: (3 * 5) - 12 = 3.,3
410,(7 [18] 3)  (7 [9] 12)  (7 [?] 5),15,19,14,16,17,D,The rule is: multiply the left number by 3 and subtract the right. Check Example 1: (3 * 7) - 3 = 18. Check Example 2: (3 * 7) - 12 = 9. Apply to Question: (3 * 7) - 5 = 16.,3
411,(11 [25] 8)  (8 [12] 12)  (5 [?] 9),8,3,7,4,6,E,The rule is: multiply the left number by 3 and subtract the right. Check Example 1: (3 * 11) - 8 = 25. Check Example 2: (3 * 8) - 12 = 12. Apply to Question: (3 * 5) - 9 = 6.,3
412,(12 [81] 7)  (8 [45] 6)  (5 [?] 3),12,22,17,13,15,A,The rule is: multiply the numbers and subtract 3. Check Example 1: (12 * 7) - 3 = 81. Check Example 2: (8 * 6) - 3 = 45. Apply to Question: (5 * 3) - 3 = 12.,3
413,(3 [13] 4)  (3 [16] 7)  (9 [?] 7),76,90,104,89,88,E,The rule is: square the left number and add the right number. Check Example 1: (3² + 4) = 13. Check Example 2: (3² + 7) = 16. Apply to Question: (9² + 7) = 88.,3
414,(3 [10] 2)  (10 [44] 12)  (15 [?] 10),60,55,40,50,56,D,The rule is: add the numbers and multiply the result by 2. Check Example 1: (3 + 2) * 2 = 10. Check Example 2: (10 + 12) * 2 = 44. Apply to Question: (15 + 10) * 2 = 50.,3
415,(5 [27] 2)  (2 [8] 4)  (6 [?] 9),47,54,55,37,45,E,The rule is: square the left number and add the right number. Check Example 1: (5² + 2) = 27. Check Example 2: (2² + 4) = 8. Apply to Question: (6² + 9) = 45.,3
416,(3 [18] 7)  (7 [32] 5)  (7 [?] 10),67,65,72,66,77,A,The rule is: multiply the numbers and subtract 3. Check Example 1: (3 * 7) - 3 = 18. Check Example 2: (7 * 5) - 3 = 32. Apply to Question: (7 * 10) - 3 = 67.,3
417,(9 [24] 3)  (11 [29] 4)  (8 [?] 10),19,14,16,13,12,B,The rule is: multiply the left number by 3 and subtract the right. Check Example 1: (3 * 9) - 3 = 24. Check Example 2: (3 * 11) - 4 = 29. Apply to Question: (3 * 8) - 10 = 14.,3
418,(3 [18] 9)  (8 [70] 6)  (4 [?] 9),24,25,26,28,21,B,The rule is: square the left number and add the right number. Check Example 1: (3² + 9) = 18. Check Example 2: (8² + 6) = 70. Apply to Question: (4² + 9) = 25.,3
419,(7 [15] 6)  (2 [3] 3)  (5 [?] 3),13,22,14,10,12,E,The rule is: multiply the left number by 3 and subtract the right. Check Example 1: (3 * 7) - 6 = 15. Check Example 2: (3 * 2) - 3 = 3. Apply to Question: (3 * 5) - 3 = 12.,3
420,(5 [34] 9)  (3 [17] 8)  (5 [?] 4),34,29,31,24,19,B,The rule is: square the left number and add the right number. Check Example 1: (5² + 9) = 34. Check Example 2: (3² + 8) = 17. Apply to Question: (5² + 4) = 29.,3
421,(11 [129] 12)  (8 [85] 11)  (12 [?] 10),117,129,111,134,136,A,The rule is: multiply the numbers and subtract 3. Check Example 1: (11 * 12) - 3 = 129. Check Example 2: (8 * 11) - 3 = 85. Apply to Question: (12 * 10) - 3 = 117.,3
422,(4 [9] 3)  (4 [9] 3)  (9 [?] 4),28,32,33,35,29,C,The rule is: multiply the numbers and subtract 3. Check Example 1: (4 * 3) - 3 = 9. Check Example 2: (4 * 3) - 3 = 9. Apply to Question: (9 * 4) - 3 = 33.,3
423,(6 [28] 8)  (8 [40] 12)  (9 [?] 13),45,46,44,43,49,C,The rule is: add the numbers and multiply the result by 2. Check Example 1: (6 + 8) * 2 = 28. Check Example 2: (8 + 12) * 2 = 40. Apply to Question: (9 + 13) * 2 = 44.,3
424,(11 [32] 5)  (14 [38] 5)  (4 [?] 9),28,23,26,29,25,C,The rule is: add the numbers and multiply the result by 2. Check Example 1: (11 + 5) * 2 = 32. Check Example 2: (14 + 5) * 2 = 38. Apply to Question: (4 + 9) * 2 = 26.,3
425,(9 [87] 6)  (2 [8] 4)  (2 [?] 3),12,8,6,7,4,D,The rule is: square the left number and add the right number. Check Example 1: (9² + 6) = 87. Check Example 2: (2² + 4) = 8. Apply to Question: (2² + 3) = 7.,3
426,(2 [3] 3)  (7 [13] 8)  (7 [?] 11),12,9,10,13,7,C,The rule is: multiply the left number by 3 and subtract the right. Check Example 1: (3 * 2) - 3 = 3. Check Example 2: (3 * 7) - 8 = 13. Apply to Question: (3 * 7) - 11 = 10.,3
427,(7 [60] 9)  (9 [87] 10)  (10 [?] 4),35,44,40,37,34,D,The rule is: multiply the numbers and subtract 3. Check Example 1: (7 * 9) - 3 = 60. Check Example 2: (9 * 10) - 3 = 87. Apply to Question: (10 * 4) - 3 = 37.,3
428,(7 [58] 9)  (5 [33] 8)  (3 [?] 7),26,17,15,16,18,D,The rule is: square the left number and add the right number. Check Example 1: (7² + 9) = 58. Check Example 2: (5² + 8) = 33. Apply to Question: (3² + 7) = 16.,3
429,(9 [22] 5)  (12 [31] 5)  (12 [?] 3),27,33,35,23,30,B,The rule is: multiply the left number by 3 and subtract the right. Check Example 1: (3 * 9) - 5 = 22. Check Example 2: (3 * 12) - 5 = 31. Apply to Question: (3 * 12) - 3 = 33.,3
430,(2 [3] 3)  (11 [23] 10)  (6 [?] 7),12,11,1,9,10,B,The rule is: multiply the left number by 3 and subtract the right. Check Example 1: (3 * 2) - 3 = 3. Check Example 2: (3 * 11) - 10 = 23. Apply to Question: (3 * 6) - 7 = 11.,3
431,(4 [45] 12)  (10 [77] 8)  (6 [?] 5),27,28,37,32,29,A,The rule is: multiply the numbers and subtract 3. Check Example 1: (4 * 12) - 3 = 45. Check Example 2: (10 * 8) - 3 = 77. Apply to Question: (6 * 5) - 3 = 27.,3
432,(7 [18] 3)  (6 [45] 8)  (11 [?] 7),78,72,74,64,79,C,The rule is: multiply the numbers and subtract 3. Check Example 1: (7 * 3) - 3 = 18. Check Example 2: (6 * 8) - 3 = 45. Apply to Question: (11 * 7) - 3 = 74.,3
433,(8 [69] 5)  (2 [11] 7)  (9 [?] 8),88,74,94,79,89,E,The rule is: square the left number and add the right number. Check Example 1: (8² + 5) = 69. Check Example 2: (2² + 7) = 11. Apply to Question: (9² + 8) = 89.,3
434,(14 [52] 12)  (12 [52] 14)  (11 [?] 3),27,29,33,24,28,E,The rule is: add the numbers and multiply the result by 2. Check Example 1: (14 + 12) * 2 = 52. Check Example 2: (12 + 14) * 2 = 52. Apply to Question: (11 + 3) * 2 = 28.,3
435,(4 [18] 2)  (9 [86] 5)  (7 [?] 6),55,45,60,54,57,A,The rule is: square the left number and add the right number. Check Example 1: (4² + 2) = 18. Check Example 2: (9² + 5) = 86. Apply to Question: (7² + 6) = 55.,3
436,(11 [96] 9)  (8 [37] 5)  (8 [?] 3),19,20,21,23,11,C,The rule is: multiply the numbers and subtract 3. Check Example 1: (11 * 9) - 3 = 96. Check Example 2: (8 * 5) - 3 = 37. Apply to Question: (8 * 3) - 3 = 21.,3
437,(9 [20] 7)  (4 [5] 7)  (7 [?] 12),8,11,12,9,7,D,The rule is: multiply the left number by 3 and subtract the right. Check Example 1: (3 * 9) - 7 = 20. Check Example 2: (3 * 4) - 7 = 5. Apply to Question: (3 * 7) - 12 = 9.,3
438,(9 [51] 6)  (8 [45] 6)  (12 [?] 4),40,50,44,45,47,D,The rule is: multiply the numbers and subtract 3. Check Example 1: (9 * 6) - 3 = 51. Check Example 2: (8 * 6) - 3 = 45. Apply to Question: (12 * 4) - 3 = 45.,3
439,(14 [58] 15)  (10 [50] 15)  (10 [?] 14),49,54,47,48,50,D,The rule is: add the numbers and multiply the result by 2. Check Example 1: (14 + 15) * 2 = 58. Check Example 2: (10 + 15) * 2 = 50. Apply to Question: (10 + 14) * 2 = 48.,3
440,(5 [34] 9)  (2 [13] 9)  (7 [?] 3),52,62,49,48,54,A,The rule is: square the left number and add the right number. Check Example 1: (5² + 9) = 34. Check Example 2: (2² + 9) = 13. Apply to Question: (7² + 3) = 52.,3
441,(9 [19] 8)  (5 [9] 6)  (7 [?] 2),9,19,16,18,20,B,The rule is: multiply the left number by 3 and subtract the right. Check Example 1: (3 * 9) - 8 = 19. Check Example 2: (3 * 5) - 6 = 9. Apply to Question: (3 * 7) - 2 = 19.,3
442,(4 [29] 8)  (3 [21] 8)  (4 [?] 11),41,46,43,40,31,A,The rule is: multiply the numbers and subtract 3. Check Example 1: (4 * 8) - 3 = 29. Check Example 2: (3 * 8) - 3 = 21. Apply to Question: (4 * 11) - 3 = 41.,3
443,(12 [57] 5)  (3 [33] 12)  (9 [?] 10),87,80,83,86,92,A,The rule is: multiply the numbers and subtract 3. Check Example 1: (12 * 5) - 3 = 57. Check Example 2: (3 * 12) - 3 = 33. Apply to Question: (9 * 10) - 3 = 87.,3
444,(4 [3] 9)  (11 [28] 5)  (6 [?] 10),18,7,8,11,5,C,The rule is: multiply the left number by 3 and subtract the right. Check Example 1: (3 * 4) - 9 = 3. Check Example 2: (3 * 11) - 5 = 28. Apply to Question: (3 * 6) - 10 = 8.,3
445,(3 [12] 5)  (4 [37] 10)  (10 [?] 7),66,77,65,78,67,E,The rule is: multiply the numbers and subtract 3. Check Example 1: (3 * 5) - 3 = 12. Check Example 2: (4 * 10) - 3 = 37. Apply to Question: (10 * 7) - 3 = 67.,3
446,(12 [30] 6)  (3 [1] 8)  (10 [?] 9),19,11,21,23,18,C,The rule is: multiply the left number by 3 and subtract the right. Check Example 1: (3 * 12) - 6 = 30. Check Example 2: (3 * 3) - 8 = 1. Apply to Question: (3 * 10) - 9 = 21.,3
447,(4 [10] 2)  (9 [23] 4)  (3 [?] 6),6,1,4,2,3,E,The rule is: multiply the left number by 3 and subtract the right. Check Example 1: (3 * 4) - 2 = 10. Check Example 2: (3 * 9) - 4 = 23. Apply to Question: (3 * 3) - 6 = 3.,3
448,(9 [48] 15)  (6 [42] 15)  (14 [?] 12),50,52,45,42,54,B,The rule is: add the numbers and multiply the result by 2. Check Example 1: (9 + 15) * 2 = 48. Check Example 2: (6 + 15) * 2 = 42. Apply to Question: (14 + 12) * 2 = 52.,3
449,(3 [24] 9)  (5 [27] 6)  (5 [?] 4),20,15,18,14,17,E,The rule is: multiply the numbers and subtract 3. Check Example 1: (3 * 9) - 3 = 24. Check Example 2: (5 * 6) - 3 = 27. Apply to Question: (5 * 4) - 3 = 17.,3
450,(4 [7] 5)  (6 [11] 7)  (9 [?] 12),15,18,16,17,13,A,The rule is: multiply the left number by 3 and subtract the right. Check Example 1: (3 * 4) - 5 = 7. Check Example 2: (3 * 6) - 7 = 11. Apply to Question: (3 * 9) - 12 = 15.,3